{"cacheVersion":64,"page":{"id":"a6408ca4-2fbc-4ef7-9f94-9b46410e1f8d","paths":{"en":"home","default":"home"},"cmsDataSetPath":null,"workflows":[]},"sections":{"0f32c36b-634d-4b56-8c16-d6a60b6f41b6":{"uid":"0f32c36b-634d-4b56-8c16-d6a60b6f41b6","linkId":"abdccb03-101d-4f85-8d0b-a138d8ee037a","_state":{"style":{"mobile":{"margin":"50px 0"},"default":{}}},"content":{"default":{"wwObjects":[{"uid":"66890f0e-704e-40d6-9087-f6d6c74d06e8","isWwObject":true}],"_ww-layout_alignItems":"flex-start","_ww-layout_flexDirection":"column"}},"sectionBaseId":"99586bd3-2b15-4d6b-a025-6a50d07ca845","sectionTitle":"Footer"},"122c9737-b0c4-4997-b77f-be6fa5f1e407":{"uid":"122c9737-b0c4-4997-b77f-be6fa5f1e407","linkId":"c5cc8322-9021-4cfc-b7d0-308297132ef1","_state":{"style":{"default":{}}},"content":{"default":{"wwObjects":[{"uid":"048356a5-719c-48ed-b54e-ace72ffeaaec","isWwObject":true}],"_ww-layout_alignItems":"flex-start","_ww-layout_flexDirection":"column"}},"sectionBaseId":"99586bd3-2b15-4d6b-a025-6a50d07ca845","sectionTitle":"offer"},"4e7d4efa-fc2c-4855-9fe9-a67b4bcbc75b":{"uid":"4e7d4efa-fc2c-4855-9fe9-a67b4bcbc75b","linkId":"18570b70-534b-44a5-87f8-a1d990e70edc","_state":{"style":{"default":{}}},"content":{"default":{"wwObjects":[{"uid":"abbe3665-5ae9-494e-b911-9238065fa602","isWwObject":true}],"_ww-layout_alignItems":"flex-start","_ww-layout_flexDirection":"column"}},"sectionBaseId":"99586bd3-2b15-4d6b-a025-6a50d07ca845","sectionTitle":"Banner"},"b159482d-0383-44bf-91e3-9f39cf15ba16":{"uid":"b159482d-0383-44bf-91e3-9f39cf15ba16","linkId":"41aa79dc-befc-4cff-acb8-06eb94269c39","_state":{"style":{"mobile":{"customCss":{"overflow":"visible"}},"default":{}}},"content":{"default":{"wwObjects":[{"uid":"f2aa56ab-9c29-4b83-a4c3-918da0bc899b","isWwObject":true},{"uid":"dfab05a8-a722-40fd-8a1d-c77d23cd624f","isWwObject":true}],"_ww-layout_alignItems":"flex-start","_ww-layout_flexDirection":"column"}},"sectionBaseId":"99586bd3-2b15-4d6b-a025-6a50d07ca845","sectionTitle":"Categories"},"c18549ad-15ee-49b3-94a2-6b4499814174":{"uid":"c18549ad-15ee-49b3-94a2-6b4499814174","linkId":"00c63a56-630f-4a4f-9d6b-fe8156aa2e6f","_state":{"style":{"mobile":{"width":"100%","margin":" 0  0","display":"flex","padding":" ","backgroundColor":"#F8F9FA00"},"default":{"display":"flex","padding":"var(--9352d72b-8b3f-424f-8a67-8ea056c7ddd0, 32px)","backgroundColor":"#F8F9FA"}},"states":[],"interactions":[]},"content":{"mobile":{"_ww-layout_alignItems":"flex-start","_ww-layout_justifyContent":"flex-start"},"default":{"wwObjects":[{"uid":"637e9131-f233-47d9-8b67-93025840d398","isWwObject":true},{"uid":"c12ede43-c963-4873-a5d2-5e09d08ef312","isWwObject":true}],"_ww-layout_alignItems":"center","_ww-layout_flexDirection":"column","_ww-layout_justifyContent":"flex-start"}},"sectionBaseId":"99586bd3-2b15-4d6b-a025-6a50d07ca845","sectionTitle":"faq"},"c77dcf69-3025-4bd2-b1e9-a09a5bb8b5c6":{"uid":"c77dcf69-3025-4bd2-b1e9-a09a5bb8b5c6","linkId":"49eab1e5-656c-4b1f-b0e9-be3460d6ad2a","_state":{"style":{"mobile":{"width":"95%","margin":"  5px ","position":"","backgroundColor":"#F7F7F7"},"default":{}}},"content":{"mobile":{"_ww-layout_alignItems":"stretch","_ww-layout_justifyContent":"space-between"},"default":{"wwObjects":[{"uid":"eb626d21-8a53-4060-b6a0-668e3a45709a","isWwObject":true},{"uid":"d0a35843-b5ad-419d-883b-d85a99470740","isWwObject":true}],"_ww-layout_alignItems":"flex-start","_ww-layout_flexDirection":"column"}},"sectionBaseId":"99586bd3-2b15-4d6b-a025-6a50d07ca845","sectionTitle":"Top Navigation"},"ccb2a52d-d749-4f88-a324-f102d3113f22":{"uid":"ccb2a52d-d749-4f88-a324-f102d3113f22","linkId":"8a357c9e-9885-4211-bfea-09ca7de7ecee","_state":{"style":{"mobile":{"width":"100%","margin":" 0  0","display":"flex","padding":" ","backgroundColor":"#F8F9FA00"},"default":{"display":"flex","padding":"var(--9352d72b-8b3f-424f-8a67-8ea056c7ddd0, 32px)","backgroundColor":"#F8F9FA"}},"states":[],"interactions":[]},"content":{"mobile":{"_ww-layout_alignItems":"flex-start","_ww-layout_justifyContent":"flex-start"},"default":{"wwObjects":[{"uid":"a88c49e2-f28e-4263-b1e0-9e3eba9c5fa8","isWwObject":true},{"uid":"8c99f42d-63d9-4529-a4c3-6207ee809975","isWwObject":true}],"_ww-layout_alignItems":"center","_ww-layout_flexDirection":"column","_ww-layout_justifyContent":"flex-start"}},"sectionBaseId":"99586bd3-2b15-4d6b-a025-6a50d07ca845","sectionTitle":"Why section"},"ce04d5f1-38c2-46aa-8d98-0f0dfdadd6bb":{"uid":"ce04d5f1-38c2-46aa-8d98-0f0dfdadd6bb","linkId":"988cd055-680c-4c3c-9c8e-37c0b267d60d","_state":{"id":"fireplace-form","style":{"default":{}}},"content":{"default":{"wwObjects":[{"uid":"46c835ba-b00d-42c7-b9bb-ae23098f80cb","isWwObject":true}],"_ww-layout_alignItems":"flex-start","_ww-layout_flexDirection":"column"}},"sectionBaseId":"99586bd3-2b15-4d6b-a025-6a50d07ca845","sectionTitle":"Tell us about your fireplace"},"fcbca83c-10ec-447e-8f54-22f2852063cb":{"uid":"fcbca83c-10ec-447e-8f54-22f2852063cb","linkId":"46bcbb96-b46f-439d-bfb9-a149547214a0","_state":{"style":{"mobile":{"width":"100%","margin":" 0  0","display":"flex","padding":" ","backgroundColor":"#F8F9FA00"},"default":{"display":"flex","padding":"var(--9352d72b-8b3f-424f-8a67-8ea056c7ddd0, 32px)","backgroundColor":"#F8F9FA"}},"states":[],"interactions":[]},"content":{"mobile":{"_ww-layout_alignItems":"flex-start","_ww-layout_justifyContent":"flex-start"},"default":{"wwObjects":[{"uid":"4f8db69c-3b92-4019-9f4d-1313cddd2bc6","isWwObject":true},{"uid":"5b012c7a-1ee4-4684-b177-7eec5707de85","isWwObject":true}],"_ww-layout_alignItems":"center","_ww-layout_flexDirection":"column","_ww-layout_justifyContent":"flex-start"}},"sectionBaseId":"99586bd3-2b15-4d6b-a025-6a50d07ca845","sectionTitle":"How your fireplace comes to life - Copy"}},"wwObjects":{"8c99f42d-63d9-4529-a4c3-6207ee809975":{"uid":"8c99f42d-63d9-4529-a4c3-6207ee809975","_state":{"style":{"mobile":{"align":"flex-start","width":"100%","height":"auto","margin":" 0","display":"none","maxWidth":"100%","boxShadow":null,"aspectRatio":"unset","backgroundColor":"#FFFFFF00"},"default":{"width":"100%","display":"flex","padding":"24px","maxWidth":"600px","boxShadow":"0 2px 8px rgba(0,0,0,0.1)","borderRadius":"16px","backgroundColor":"#FFFFFF"}},"states":[],"interactions":[]},"content":{"mobile":{"_ww-layout_alignItems":"flex-start"},"default":{"children":[{"uid":"d9ca804e-2353-41ae-af9d-9fd0e4be411a","isWwObject":true},{"uid":"0b572ea7-35a4-4b77-a92a-2dce59af1342","isWwObject":true},{"uid":"455c1581-da0c-4e67-8487-b249f1c1fab9","isWwObject":true},{"uid":"1487c8e4-cc82-49f5-bfe7-41e5e6812358","isWwObject":true},{"uid":"b85dc387-73e3-4df9-b318-c0138b0f6735","isWwObject":true},{"uid":"c7d87fc0-0df5-43ae-bd35-deb6d5e8f8d7","isWwObject":true},{"uid":"08b9e749-e73d-471c-a241-42255c34e334","isWwObject":true},{"uid":"cf0255ba-d883-42e6-bfe0-b0f56d9a3a31","isWwObject":true},{"uid":"9192de8d-792a-4d14-a0ac-0b2e2c8a6bbb","isWwObject":true},{"uid":"f4804c73-fd7b-4f8a-bee3-fed698391e90","isWwObject":true}],"_ww-layout_rowGap":"var(--609dbf47-d0d8-4242-986f-e5240faca226, 16px)","_ww-layout_columnGap":"var(--609dbf47-d0d8-4242-986f-e5240faca226, 16px)","_ww-layout_flexDirection":"column"}},"name":"Address Card","wwObjectBaseId":"b783dc65-d528-4f74-8c14-e27c934c39b1","libraryComponentBaseId":null,"parentSectionId":"ccb2a52d-d749-4f88-a324-f102d3113f22"},"455c1581-da0c-4e67-8487-b249f1c1fab9":{"uid":"455c1581-da0c-4e67-8487-b249f1c1fab9","_state":{"style":{"mobile":{},"default":{}},"states":[],"interactions":[]},"content":{"mobile":{},"default":{"tag":"span","text":{"en":{"code":"return variables['7794bc06-997a-4553-818a-51eaa21fdd6d']?.name || 'Will Parsons'","__wwtype":"js"}},"_ww-text_text":{"en":"<div>A showpiece everyone notices</div>"},"_ww-text_color":"#1F2937","_ww-text_fontSize":"16px","_ww-text_fontWeight":"500"}},"name":"User Name","wwObjectBaseId":"d7904e9d-fc9a-4d80-9e32-728e097879ad","libraryComponentBaseId":null,"parentSectionId":"ccb2a52d-d749-4f88-a324-f102d3113f22"},"b85dc387-73e3-4df9-b318-c0138b0f6735":{"uid":"b85dc387-73e3-4df9-b318-c0138b0f6735","_state":{"style":{"mobile":{},"default":{}},"states":[],"interactions":[]},"content":{"mobile":{},"default":{"tag":"span","text":{"en":{"code":"return variables['7794bc06-997a-4553-818a-51eaa21fdd6d']?.name || 'Will Parsons'","__wwtype":"js"}},"_ww-text_text":{"en":"<div>Lightweight</div>"},"_ww-text_color":"#1F2937","_ww-text_fontSize":"16px","_ww-text_fontWeight":"500"}},"name":"User Name","wwObjectBaseId":"d7904e9d-fc9a-4d80-9e32-728e097879ad","libraryComponentBaseId":null,"parentSectionId":"ccb2a52d-d749-4f88-a324-f102d3113f22"},"08b9e749-e73d-471c-a241-42255c34e334":{"uid":"08b9e749-e73d-471c-a241-42255c34e334","_state":{"style":{"mobile":{},"default":{}},"states":[],"interactions":[]},"content":{"mobile":{},"default":{"tag":"span","text":{"en":{"code":"return variables['7794bc06-997a-4553-818a-51eaa21fdd6d']?.name || 'Will Parsons'","__wwtype":"js"}},"_ww-text_text":{"en":"<div>Easy to Install</div>"},"_ww-text_color":"#1F2937","_ww-text_fontSize":"16px","_ww-text_fontWeight":"500"}},"name":"User Name","wwObjectBaseId":"d7904e9d-fc9a-4d80-9e32-728e097879ad","libraryComponentBaseId":null,"parentSectionId":"ccb2a52d-d749-4f88-a324-f102d3113f22"},"9192de8d-792a-4d14-a0ac-0b2e2c8a6bbb":{"uid":"9192de8d-792a-4d14-a0ac-0b2e2c8a6bbb","_state":{"style":{"mobile":{},"default":{}},"states":[],"interactions":[]},"content":{"mobile":{},"default":{"tag":"span","text":{"en":{"code":"return variables['7794bc06-997a-4553-818a-51eaa21fdd6d']?.name || 'Will Parsons'","__wwtype":"js"}},"_ww-text_text":{"en":"<div>Not paint or plaster</div>"},"_ww-text_color":"#1F2937","_ww-text_fontSize":"16px","_ww-text_fontWeight":"500"}},"name":"User Name","wwObjectBaseId":"d7904e9d-fc9a-4d80-9e32-728e097879ad","libraryComponentBaseId":null,"parentSectionId":"ccb2a52d-d749-4f88-a324-f102d3113f22"},"1487c8e4-cc82-49f5-bfe7-41e5e6812358":{"uid":"1487c8e4-cc82-49f5-bfe7-41e5e6812358","_state":{"style":{"mobile":{},"default":{"margin":"0"}},"states":[],"interactions":[]},"content":{"mobile":{},"default":{"tag":"p","text":{"en":{"code":"return variables['7794bc06-997a-4553-818a-51eaa21fdd6d']?.address || 'Jalan Pelita IV No. 92, RT 08 RW 06, Kelurahan Sei Timur, Kecamatan Medan Timur, Medan, Sumatera Utara, Indonesia, 79831.'","__wwtype":"js"}},"_ww-text_text":{"en":"<div>Your family will love it, and guests might even get a little jealous. It becomes the warm heart of your home.</div>"},"_ww-text_color":"#6B7280","_ww-text_fontSize":"14px","_ww-text_lineHeight":"1.5"}},"name":"Address Text","wwObjectBaseId":"d7904e9d-fc9a-4d80-9e32-728e097879ad","libraryComponentBaseId":null,"parentSectionId":"ccb2a52d-d749-4f88-a324-f102d3113f22"},"c7d87fc0-0df5-43ae-bd35-deb6d5e8f8d7":{"uid":"c7d87fc0-0df5-43ae-bd35-deb6d5e8f8d7","_state":{"style":{"mobile":{},"default":{"margin":"0"}},"states":[],"interactions":[]},"content":{"mobile":{},"default":{"tag":"p","text":{"en":{"code":"return variables['7794bc06-997a-4553-818a-51eaa21fdd6d']?.address || 'Jalan Pelita IV No. 92, RT 08 RW 06, Kelurahan Sei Timur, Kecamatan Medan Timur, Medan, Sumatera Utara, Indonesia, 79831.'","__wwtype":"js"}},"_ww-text_text":{"en":"<div>The foam-core base keeps it light, while the limestone coating gives it the strength of real stone. Ideal for any wall or upper floor.</div>"},"_ww-text_color":"#6B7280","_ww-text_fontSize":"14px","_ww-text_lineHeight":"1.5"}},"name":"Address Text","wwObjectBaseId":"d7904e9d-fc9a-4d80-9e32-728e097879ad","libraryComponentBaseId":null,"parentSectionId":"ccb2a52d-d749-4f88-a324-f102d3113f22"},"cf0255ba-d883-42e6-bfe0-b0f56d9a3a31":{"uid":"cf0255ba-d883-42e6-bfe0-b0f56d9a3a31","_state":{"style":{"mobile":{},"default":{"margin":"0"}},"states":[],"interactions":[]},"content":{"mobile":{},"default":{"tag":"p","text":{"en":{"code":"return variables['7794bc06-997a-4553-818a-51eaa21fdd6d']?.address || 'Jalan Pelita IV No. 92, RT 08 RW 06, Kelurahan Sei Timur, Kecamatan Medan Timur, Medan, Sumatera Utara, Indonesia, 79831.'","__wwtype":"js"}},"_ww-text_text":{"en":"<div>Installs directly onto any blank wall using professional-grade adhesive — no demolition, no dust, no mess.</div>"},"_ww-text_color":"#6B7280","_ww-text_fontSize":"14px","_ww-text_lineHeight":"1.5"}},"name":"Address Text","wwObjectBaseId":"d7904e9d-fc9a-4d80-9e32-728e097879ad","libraryComponentBaseId":null,"parentSectionId":"ccb2a52d-d749-4f88-a324-f102d3113f22"},"f4804c73-fd7b-4f8a-bee3-fed698391e90":{"uid":"f4804c73-fd7b-4f8a-bee3-fed698391e90","_state":{"style":{"mobile":{},"default":{"margin":"0"}},"states":[],"interactions":[]},"content":{"mobile":{},"default":{"tag":"p","text":{"en":{"code":"return variables['7794bc06-997a-4553-818a-51eaa21fdd6d']?.address || 'Jalan Pelita IV No. 92, RT 08 RW 06, Kelurahan Sei Timur, Kecamatan Medan Timur, Medan, Sumatera Utara, Indonesia, 79831.'","__wwtype":"js"}},"_ww-text_text":{"en":"<div>We use real limestone mix, applied and polished by hand for a natural, timeless look that lasts for decades.</div>"},"_ww-text_color":"#6B7280","_ww-text_fontSize":"14px","_ww-text_lineHeight":"1.5"}},"name":"Address Text","wwObjectBaseId":"d7904e9d-fc9a-4d80-9e32-728e097879ad","libraryComponentBaseId":null,"parentSectionId":"ccb2a52d-d749-4f88-a324-f102d3113f22"},"0e7fc0ca-773b-411d-869e-14ba889d4dc3":{"uid":"0e7fc0ca-773b-411d-869e-14ba889d4dc3","_state":{"style":{"mobile":{"display":"none"},"default":{"flex":"1"}},"states":[],"interactions":[]},"content":{"mobile":{},"default":{"tag":"span","text":{"en":"Home"},"_ww-text_text":{"en":"<div>Why homeowners choose our limestone fireplaces?</div>"},"_ww-text_color":"#1F2937","_ww-text_fontSize":"18px","_ww-text_fontWeight":"600"}},"name":"Home Text","wwObjectBaseId":"d7904e9d-fc9a-4d80-9e32-728e097879ad","libraryComponentBaseId":null,"parentSectionId":"ccb2a52d-d749-4f88-a324-f102d3113f22"},"826ee373-3678-4c47-93b4-e5d36b5f60a9":{"uid":"826ee373-3678-4c47-93b4-e5d36b5f60a9","_state":{"style":{"mobile":{"height":"40px","backgroundColor":"#8C8C8C"},"default":{"width":"4px","height":"32px","display":"block","borderRadius":"2px","backgroundColor":"#4F46E5"}},"states":[],"interactions":[]},"content":{"mobile":{},"default":{"children":[]}},"name":"Blue Line","wwObjectBaseId":"b783dc65-d528-4f74-8c14-e27c934c39b1","libraryComponentBaseId":null,"parentSectionId":"ccb2a52d-d749-4f88-a324-f102d3113f22"},"d9ca804e-2353-41ae-af9d-9fd0e4be411a":{"uid":"d9ca804e-2353-41ae-af9d-9fd0e4be411a","_state":{"style":{"mobile":{"flex":"0 1 auto","align":"flex-start","margin":"20px 0   16px)","padding":"0  0 0","textAlign":"start"},"default":{"margin":"0 0 0 var(--9352d72b-8b3f-424f-8a67-8ea056c7ddd0, 32px)"}},"states":[],"interactions":[]},"content":{"mobile":{"_ww-text_font":"var(--185a62c5-051f-4a26-9177-6f366cc7548b, 700 42px/1.2 var(--ww-default-font-family, sans-serif))","_ww-text_fontSize":"42px","_ww-text_fontStyle":null,"_ww-text_textAlign":"left","_ww-text_fontWeight":700,"_ww-text_lineHeight":"1.2"},"default":{"tag":"h2","text":{"en":"Fireplace Categories"},"_ww-text_font":"var(--185a62c5-051f-4a26-9177-6f366cc7548b, 700 42px/1.2 var(--ww-default-font-family, sans-serif))","_ww-text_text":{"en":"<div>Why homeowners choose our limestone fireplaces?</div>"},"_ww-text_color":"#1F2937"}},"name":"Section Title","wwObjectBaseId":"d7904e9d-fc9a-4d80-9e32-728e097879ad","libraryComponentBaseId":null,"parentSectionId":"ccb2a52d-d749-4f88-a324-f102d3113f22"},"0b572ea7-35a4-4b77-a92a-2dce59af1342":{"uid":"0b572ea7-35a4-4b77-a92a-2dce59af1342","_state":{"style":{"mobile":{"display":"none"},"default":{"display":"flex"}},"states":[],"interactions":[]},"content":{"mobile":{},"default":{"children":[{"uid":"826ee373-3678-4c47-93b4-e5d36b5f60a9","isWwObject":true},{"uid":"0e7fc0ca-773b-411d-869e-14ba889d4dc3","isWwObject":true}],"_ww-layout_rowGap":"12px","_ww-layout_columnGap":"12px","_ww-layout_alignItems":"center"}},"name":"Home Header","wwObjectBaseId":"b783dc65-d528-4f74-8c14-e27c934c39b1","libraryComponentBaseId":null,"parentSectionId":"ccb2a52d-d749-4f88-a324-f102d3113f22"},"d81d8df9-3167-4191-8493-15c92b0c74c4":{"uid":"d81d8df9-3167-4191-8493-15c92b0c74c4","_state":{"style":{"mobile":{"display":"none"},"default":{"flex":"1"}},"states":[],"interactions":[]},"content":{"mobile":{},"default":{"tag":"span","text":{"en":"Home"},"_ww-text_text":{"en":"<div>Why homeowners choose our limestone fireplaces?</div>"},"_ww-text_color":"#1F2937","_ww-text_fontSize":"18px","_ww-text_fontWeight":"600"}},"name":"Home Text","wwObjectBaseId":"d7904e9d-fc9a-4d80-9e32-728e097879ad","libraryComponentBaseId":null,"parentSectionId":"fcbca83c-10ec-447e-8f54-22f2852063cb"},"7f0fc038-ce07-4c26-956d-8e69208ca80e":{"uid":"7f0fc038-ce07-4c26-956d-8e69208ca80e","_state":{"style":{"mobile":{"height":"40px","backgroundColor":"#8C8C8C"},"default":{"width":"4px","height":"32px","display":"block","borderRadius":"2px","backgroundColor":"#4F46E5"}},"states":[],"interactions":[]},"content":{"mobile":{},"default":{"children":[]}},"name":"Blue Line","wwObjectBaseId":"b783dc65-d528-4f74-8c14-e27c934c39b1","libraryComponentBaseId":null,"parentSectionId":"fcbca83c-10ec-447e-8f54-22f2852063cb"},"dbfff555-4acd-4d0a-8618-6a15990c7b9c":{"uid":"dbfff555-4acd-4d0a-8618-6a15990c7b9c","_state":{"style":{"mobile":{"display":"none"},"default":{"display":"flex"}},"states":[],"interactions":[]},"content":{"mobile":{},"default":{"children":[{"uid":"7f0fc038-ce07-4c26-956d-8e69208ca80e","isWwObject":true},{"uid":"d81d8df9-3167-4191-8493-15c92b0c74c4","isWwObject":true}],"_ww-layout_rowGap":"12px","_ww-layout_columnGap":"12px","_ww-layout_alignItems":"center"}},"name":"Home Header","wwObjectBaseId":"b783dc65-d528-4f74-8c14-e27c934c39b1","libraryComponentBaseId":null,"parentSectionId":"fcbca83c-10ec-447e-8f54-22f2852063cb"},"c2bb54b9-22b4-40c4-8381-666a8dbdc1c3":{"uid":"c2bb54b9-22b4-40c4-8381-666a8dbdc1c3","_state":{"style":{"mobile":{"flex":"0 1 auto","align":"flex-start","margin":"20px 0   16px)","padding":"0  0 0","textAlign":"start"},"default":{"margin":"0 0 0 var(--9352d72b-8b3f-424f-8a67-8ea056c7ddd0, 32px)"}},"states":[],"interactions":[]},"content":{"mobile":{"_ww-text_font":"var(--185a62c5-051f-4a26-9177-6f366cc7548b, 700 42px/1.2 var(--ww-default-font-family, sans-serif))","_ww-text_fontSize":"42px","_ww-text_fontStyle":null,"_ww-text_textAlign":"left","_ww-text_fontWeight":700,"_ww-text_lineHeight":"1.2"},"default":{"tag":"h2","text":{"en":"Fireplace Categories"},"_ww-text_font":"var(--185a62c5-051f-4a26-9177-6f366cc7548b, 700 42px/1.2 var(--ww-default-font-family, sans-serif))","_ww-text_text":{"en":"<div>How your fireplace comes to life?</div>"},"_ww-text_color":"#1F2937"}},"name":"Section Title","wwObjectBaseId":"d7904e9d-fc9a-4d80-9e32-728e097879ad","libraryComponentBaseId":null,"parentSectionId":"fcbca83c-10ec-447e-8f54-22f2852063cb"},"b1cc8e10-5db1-42c2-b99e-9a8ef671e04d":{"uid":"b1cc8e10-5db1-42c2-b99e-9a8ef671e04d","_state":{"style":{"mobile":{},"default":{}},"states":[],"interactions":[]},"content":{"mobile":{},"default":{"tag":"span","text":{"en":{"code":"return variables['7794bc06-997a-4553-818a-51eaa21fdd6d']?.name || 'Will Parsons'","__wwtype":"js"}},"_ww-text_text":{"en":"<div>Step 1. Send measurements\n</div>"},"_ww-text_color":"#1F2937","_ww-text_fontSize":"16px","_ww-text_fontWeight":"500"}},"name":"User Name","wwObjectBaseId":"d7904e9d-fc9a-4d80-9e32-728e097879ad","libraryComponentBaseId":null,"parentSectionId":"fcbca83c-10ec-447e-8f54-22f2852063cb"},"2af586a4-99fe-4bc4-a4d1-5fbda0c82e0f":{"uid":"2af586a4-99fe-4bc4-a4d1-5fbda0c82e0f","_state":{"style":{"mobile":{},"default":{"margin":"0"}},"states":[],"interactions":[]},"content":{"mobile":{},"default":{"tag":"p","text":{"en":{"code":"return variables['7794bc06-997a-4553-818a-51eaa21fdd6d']?.address || 'Jalan Pelita IV No. 92, RT 08 RW 06, Kelurahan Sei Timur, Kecamatan Medan Timur, Medan, Sumatera Utara, Indonesia, 79831.'","__wwtype":"js"}},"_ww-text_text":{"en":"<div>Share the size of your fireplace or firebox along with any ideas or inspiration from Pinterest.\n</div>"},"_ww-text_color":"#6B7280","_ww-text_fontSize":"14px","_ww-text_lineHeight":"1.5"}},"name":"Address Text","wwObjectBaseId":"d7904e9d-fc9a-4d80-9e32-728e097879ad","libraryComponentBaseId":null,"parentSectionId":"fcbca83c-10ec-447e-8f54-22f2852063cb"},"45a86fd6-0e42-4425-85e6-d879efc9ac46":{"uid":"45a86fd6-0e42-4425-85e6-d879efc9ac46","_state":{"style":{"mobile":{},"default":{}},"states":[],"interactions":[]},"content":{"mobile":{},"default":{"tag":"span","text":{"en":{"code":"return variables['7794bc06-997a-4553-818a-51eaa21fdd6d']?.name || 'Will Parsons'","__wwtype":"js"}},"_ww-text_text":{"en":"<div>Step 2. Draft design\n</div>"},"_ww-text_color":"#1F2937","_ww-text_fontSize":"16px","_ww-text_fontWeight":"500"}},"name":"User Name","wwObjectBaseId":"d7904e9d-fc9a-4d80-9e32-728e097879ad","libraryComponentBaseId":null,"parentSectionId":"fcbca83c-10ec-447e-8f54-22f2852063cb"},"1f60a912-0fd7-4c5a-bf64-1d54dcf01dae":{"uid":"1f60a912-0fd7-4c5a-bf64-1d54dcf01dae","_state":{"style":{"mobile":{},"default":{"margin":"0"}},"states":[],"interactions":[]},"content":{"mobile":{},"default":{"tag":"p","text":{"en":{"code":"return variables['7794bc06-997a-4553-818a-51eaa21fdd6d']?.address || 'Jalan Pelita IV No. 92, RT 08 RW 06, Kelurahan Sei Timur, Kecamatan Medan Timur, Medan, Sumatera Utara, Indonesia, 79831.'","__wwtype":"js"}},"_ww-text_text":{"en":"<div>We create a simple design based on your dimensions and help choose the right limestone color.\n</div>"},"_ww-text_color":"#6B7280","_ww-text_fontSize":"14px","_ww-text_lineHeight":"1.5"}},"name":"Address Text","wwObjectBaseId":"d7904e9d-fc9a-4d80-9e32-728e097879ad","libraryComponentBaseId":null,"parentSectionId":"fcbca83c-10ec-447e-8f54-22f2852063cb"},"40d52da7-df56-46b5-b8e1-489d177b8a6a":{"uid":"40d52da7-df56-46b5-b8e1-489d177b8a6a","_state":{"style":{"mobile":{},"default":{"margin":"0"}},"states":[],"interactions":[]},"content":{"mobile":{},"default":{"tag":"p","text":{"en":{"code":"return variables['7794bc06-997a-4553-818a-51eaa21fdd6d']?.address || 'Jalan Pelita IV No. 92, RT 08 RW 06, Kelurahan Sei Timur, Kecamatan Medan Timur, Medan, Sumatera Utara, Indonesia, 79831.'","__wwtype":"js"}},"_ww-text_text":{"en":"<div>You review the design, sign the approval form and place a 50 percent deposit.\n</div>"},"_ww-text_color":"#6B7280","_ww-text_fontSize":"14px","_ww-text_lineHeight":"1.5"}},"name":"Address Text","wwObjectBaseId":"d7904e9d-fc9a-4d80-9e32-728e097879ad","libraryComponentBaseId":null,"parentSectionId":"fcbca83c-10ec-447e-8f54-22f2852063cb"},"63c31948-88a4-44e0-b935-3e0003c57234":{"uid":"63c31948-88a4-44e0-b935-3e0003c57234","_state":{"style":{"mobile":{},"default":{}},"states":[],"interactions":[]},"content":{"mobile":{},"default":{"tag":"span","text":{"en":{"code":"return variables['7794bc06-997a-4553-818a-51eaa21fdd6d']?.name || 'Will Parsons'","__wwtype":"js"}},"_ww-text_text":{"en":"<div>Step 4. Full-size foam mockup\n</div>"},"_ww-text_color":"#1F2937","_ww-text_fontSize":"16px","_ww-text_fontWeight":"500"}},"name":"User Name","wwObjectBaseId":"d7904e9d-fc9a-4d80-9e32-728e097879ad","libraryComponentBaseId":null,"parentSectionId":"fcbca83c-10ec-447e-8f54-22f2852063cb"},"190b72e0-f37b-4c22-9609-620d405948be":{"uid":"190b72e0-f37b-4c22-9609-620d405948be","_state":{"style":{"mobile":{"borderRadius":"10px"},"default":{"width":"100%","height":"100%"}},"states":[],"interactions":[]},"content":{"default":{"alt":{"en":"Ocean view"},"url":"images/banner_family_2.png?_wwcv=64","loading":"lazy","objectFit":"cover"}},"name":"Slide 2 Image","wwObjectBaseId":"3a7d6379-12d3-4387-98ff-b332bb492a63","libraryComponentBaseId":null,"parentSectionId":"4e7d4efa-fc2c-4855-9fe9-a67b4bcbc75b"},"10afee73-52f1-42a4-9d41-3becf3ecd5c0":{"uid":"10afee73-52f1-42a4-9d41-3becf3ecd5c0","_state":{"style":{"default":{"width":"100%","height":"100%"}},"states":[],"interactions":[]},"content":{"default":{"alt":{"en":"Forest path"},"url":"https://images.unsplash.com/photo-1506744038136-46273834b3fb?q=80&w=2070&auto=format&fit=crop","loading":"lazy","objectFit":"cover"}},"name":"Slide 3 Image","wwObjectBaseId":"3a7d6379-12d3-4387-98ff-b332bb492a63","libraryComponentBaseId":null,"parentSectionId":"4e7d4efa-fc2c-4855-9fe9-a67b4bcbc75b"},"be212f0c-2b57-419e-aa9d-93ba78a69d36":{"uid":"be212f0c-2b57-419e-aa9d-93ba78a69d36","_state":{"style":{"default":{"margin":"80px auto","display":"flex","padding":"0 24px","maxWidth":"800px"}},"states":[],"interactions":[]},"content":{"default":{"children":[{"uid":"fda18b01-a14b-4b54-bc92-f38fc7e17004","isWwObject":true},{"uid":"e692c7cd-5af1-4119-9753-f5e096b98626","isWwObject":true},{"uid":"255de46c-1ce3-4cdc-9b13-ca5cb37b1068","isWwObject":true}],"_ww-layout_rowGap":"24px","_ww-layout_columnGap":"24px","_ww-layout_flexDirection":"column"}},"name":"Text Container","wwObjectBaseId":"b783dc65-d528-4f74-8c14-e27c934c39b1","libraryComponentBaseId":null,"parentSectionId":"4e7d4efa-fc2c-4855-9fe9-a67b4bcbc75b"},"255de46c-1ce3-4cdc-9b13-ca5cb37b1068":{"uid":"255de46c-1ce3-4cdc-9b13-ca5cb37b1068","_state":{"style":{"default":{}},"states":[],"interactions":[]},"content":{"default":{"tag":"p","text":{"en":"Vestibulum ante ipsum primis in faucibus orci luctus et ultrices posuere cubilia Curae; Donec velit neque, auctor sit amet aliquam vel, ullamcorper sit amet ligula. Proin eget tortor risus. Mauris blandit aliquet elit, eget tincidunt nibh pulvinar a."},"_ww-text_text":{"en":"Vestibulum ante ipsum primis in faucibus orci luctus et ultrices posuere cubilia Curae; Donec velit neque, auctor sit amet aliquam vel, ullamcorper sit amet ligula. Proin eget tortor risus. Mauris blandit aliquet elit, eget tincidunt nibh pulvinar a."},"_ww-text_color":"#374151","_ww-text_fontSize":"16px","_ww-text_lineHeight":"1.6"}},"name":"Paragraph 3","wwObjectBaseId":"d7904e9d-fc9a-4d80-9e32-728e097879ad","libraryComponentBaseId":null,"parentSectionId":"4e7d4efa-fc2c-4855-9fe9-a67b4bcbc75b"},"94467705-1de6-4dfb-b47a-56e6c93c4612":{"uid":"94467705-1de6-4dfb-b47a-56e6c93c4612","_state":{"style":{"default":{"top":"50%","right":"20px","width":"40px","cursor":"pointer","height":"40px","zIndex":1,"padding":"8px","position":"absolute","boxShadow":"0px 2px 4px rgba(0,0,0,0.1)","transform":"translateY(-50%)","transition":"all 0.2s ease","borderRadius":"50%","backgroundColor":"rgba(255,255,255,0.9)"},"_wwHover_default":{"boxShadow":"0px 4px 6px rgba(0,0,0,0.15)","transform":"translate(4px, -50%)","backgroundColor":"rgba(255,255,255,1)"}},"states":[{"id":"_wwHover","label":"hover"}],"interactions":[]},"content":{"default":{"icon":"lucide/chevron-right","color":"#000000"}},"name":"Right Nav Icon","wwObjectBaseId":"1b1e2173-9b78-42cc-a8ee-a6167caea340","libraryComponentBaseId":null,"parentSectionId":"4e7d4efa-fc2c-4855-9fe9-a67b4bcbc75b"},"9f08004f-363e-46d1-aa9f-18c0ece81313":{"uid":"9f08004f-363e-46d1-aa9f-18c0ece81313","_state":{"style":{"default":{"top":"50%","left":"20px","width":"40px","cursor":"pointer","height":"40px","zIndex":1,"padding":"8px","position":"absolute","boxShadow":"0px 2px 4px rgba(0,0,0,0.1)","transform":"translateY(-50%)","transition":"all 0.2s ease","borderRadius":"50%","backgroundColor":"rgba(255,255,255,0.9)"},"_wwHover_default":{"boxShadow":"0px 4px 6px rgba(0,0,0,0.15)","transform":"translate(-4px, -50%)","backgroundColor":"rgba(255,255,255,1)"}},"states":[{"id":"_wwHover","label":"hover"}],"interactions":[]},"content":{"default":{"icon":"lucide/chevron-left","color":"#000000","children":{"uid":"be212f0c-2b57-419e-aa9d-93ba78a69d36","isWwObject":true}}},"name":"Left Nav Icon","wwObjectBaseId":"1b1e2173-9b78-42cc-a8ee-a6167caea340","libraryComponentBaseId":null,"parentSectionId":"4e7d4efa-fc2c-4855-9fe9-a67b4bcbc75b"},"fda18b01-a14b-4b54-bc92-f38fc7e17004":{"uid":"fda18b01-a14b-4b54-bc92-f38fc7e17004","_state":{"style":{"default":{}},"states":[],"interactions":[]},"content":{"default":{"tag":"p","text":{"en":"Lorem ipsum dolor sit amet, consectetur adipiscing elit. Suspendisse varius enim in eros elementum tristique. Duis cursus, mi quis viverra ornare, eros dolor interdum nulla, ut commodo diam libero vitae erat."},"_ww-text_text":{"en":"Lorem ipsum dolor sit amet, consectetur adipiscing elit. Suspendisse varius enim in eros elementum tristique. Duis cursus, mi quis viverra ornare, eros dolor interdum nulla, ut commodo diam libero vitae erat."},"_ww-text_color":"#374151","_ww-text_fontSize":"16px","_ww-text_lineHeight":"1.6"}},"name":"Paragraph 1","wwObjectBaseId":"d7904e9d-fc9a-4d80-9e32-728e097879ad","libraryComponentBaseId":null,"parentSectionId":"4e7d4efa-fc2c-4855-9fe9-a67b4bcbc75b"},"e692c7cd-5af1-4119-9753-f5e096b98626":{"uid":"e692c7cd-5af1-4119-9753-f5e096b98626","_state":{"style":{"default":{}},"states":[],"interactions":[]},"content":{"default":{"tag":"p","text":{"en":"Aenean faucibus nibh et justo cursus id rutrum lorem imperdiet. Nunc ut sem vitae risus tristique posuere. Sed porta, ipsum eu vestibulum tincidunt, velit nunc malesuada nunc, vel tincidunt nunc nisl vitae nulla."},"_ww-text_text":{"en":"Aenean faucibus nibh et justo cursus id rutrum lorem imperdiet. Nunc ut sem vitae risus tristique posuere. Sed porta, ipsum eu vestibulum tincidunt, velit nunc malesuada nunc, vel tincidunt nunc nisl vitae nulla."},"_ww-text_color":"#374151","_ww-text_fontSize":"16px","_ww-text_lineHeight":"1.6"}},"name":"Paragraph 2","wwObjectBaseId":"d7904e9d-fc9a-4d80-9e32-728e097879ad","libraryComponentBaseId":null,"parentSectionId":"4e7d4efa-fc2c-4855-9fe9-a67b4bcbc75b"},"d3826b4e-1a41-4477-a426-1e49f0cf8d5a":{"uid":"d3826b4e-1a41-4477-a426-1e49f0cf8d5a","_state":{"style":{"mobile":{"width":"auto","border":"0px solid #7F0B0B00","height":"auto","outline":"0px solid #00000000 ","textAlign":"start","aspectRatio":"unset","borderRadius":"10px"},"default":{"width":"95%","height":"100%","textAlign":"center"}},"states":[],"interactions":[]},"content":{"mobile":{"overlay":"linear-gradient(360deg)"},"default":{"alt":{"en":"Mountain landscape"},"url":"images/banner_christmas_1_2.png?_wwcv=64","loading":"lazy","objectFit":"cover"}},"name":"Slide 1 Image","wwObjectBaseId":"3a7d6379-12d3-4387-98ff-b332bb492a63","libraryComponentBaseId":null,"parentSectionId":"4e7d4efa-fc2c-4855-9fe9-a67b4bcbc75b"},"eb626d21-8a53-4060-b6a0-668e3a45709a":{"uid":"eb626d21-8a53-4060-b6a0-668e3a45709a","_state":{"style":{"mobile":{"margin":"10px 0 0 0","backgroundColor":"#F7F7F7"},"default":{}}},"content":{"mobile":{"_ww-layout_alignItems":"center","_ww-layout_flexDirection":"row","_ww-layout_justifyContent":"space-between"},"default":{"children":[{"uid":"0c872011-2411-4baa-9c0f-826b2c9e3a24","isWwObject":true},{"uid":"33377558-f8d7-4241-9908-eefac48ee976","isWwObject":true}],"_ww-layout_alignItems":"flex-start","_ww-layout_flexDirection":"column"}},"name":"Div","wwObjectBaseId":"b783dc65-d528-4f74-8c14-e27c934c39b1","libraryComponentBaseId":null,"parentSectionId":"c77dcf69-3025-4bd2-b1e9-a09a5bb8b5c6"},"0c872011-2411-4baa-9c0f-826b2c9e3a24":{"uid":"0c872011-2411-4baa-9c0f-826b2c9e3a24","_state":{"style":{"mobile":{"width":"200px","height":"50px","aspectRatio":"unset"},"default":{"width":"auto"}}},"content":{"default":{"alt":{"en":""},"url":"images/Group_33737_5.svg?_wwcv=64","loading":"lazy","objectFit":null}},"name":"Image","wwObjectBaseId":"3a7d6379-12d3-4387-98ff-b332bb492a63","libraryComponentBaseId":null,"parentSectionId":"c77dcf69-3025-4bd2-b1e9-a09a5bb8b5c6"},"46c835ba-b00d-42c7-b9bb-ae23098f80cb":{"uid":"46c835ba-b00d-42c7-b9bb-ae23098f80cb","_state":{"style":{"mobile":{"align":"center","width":"90%","customCss":{},"transform":"translate3d(0px,0px,0px) rotateX(0deg) rotateY(0deg) rotateZ(0deg)"}}},"content":{"default":{"source":"<!DOCTYPE html>\n<html lang=\"en\">\n<head>\n  <meta charset=\"UTF-8\" />\n  <meta name=\"viewport\" content=\"width=device-width, initial-scale=1.0\" />\n\n  <link href=\"https://fonts.googleapis.com/css2?family=Inter:wght@300;400;500;600;700&display=swap\" rel=\"stylesheet\">\n\n  <title>Fireplace Inquiry</title>\n\n  <style>\n    * { box-sizing: border-box; }\n\n    body {\n      margin: 0;\n      padding: 0;\n      font-family: \"Inter\", system-ui, -apple-system, BlinkMacSystemFont, sans-serif;\n      background: #f3f4f6; /* soft neutral background */\n      color: #111827;\n    }\n\n    .fp-shell {\n      min-height: 100vh;\n      display: flex;\n      align-items: flex-start;\n      justify-content: center;\n      padding: 32px 16px 40px;\n    }\n\n    .fp-wrapper {\n      width: 100%;\n      max-width: 720px;\n    }\n\n    /* Hero / heading */\n    .fp-hero-title {\n      font-size: 32px;\n      font-weight: 700;\n      letter-spacing: -0.04em;\n      margin: 0 0 8px;\n      color: #0f172a;\n    }\n\n    .fp-hero-subtitle {\n      font-size: 15px;\n      line-height: 1.5;\n      color: #6b7280;\n      margin: 0 0 24px;\n      max-width: 540px;\n    }\n\n    /* Card */\n    .fp-card {\n      background: #ffffff;\n      border-radius: 24px;\n      padding: 24px 20px 28px;\n      box-shadow:\n        0 18px 45px rgba(15, 23, 42, 0.10),\n        0 0 0 1px rgba(15, 23, 42, 0.02);\n    }\n\n    .fp-card-title {\n      font-size: 18px;\n      font-weight: 600;\n      margin: 0 0 6px;\n      color: #111827;\n    }\n\n    .fp-card-subtitle {\n      font-size: 13px;\n      color: #6b7280;\n      margin: 0 0 14px;\n    }\n\n    .fp-form-group {\n      margin-top: 14px;\n    }\n\n    .fp-label {\n      display: block;\n      font-size: 13px;\n      font-weight: 500;\n      color: #374151;\n      margin-bottom: 6px;\n    }\n\n    .fp-input,\n    .fp-textarea {\n      width: 100%;\n      border-radius: 12px;\n      border: 1px solid #e5e7eb;\n      padding: 10px 12px;\n      font-size: 14px;\n      font-family: inherit;\n      background: #f9fafb;\n      color: #111827;\n      transition: border-color .15s ease, background-color .15s ease, box-shadow .15s ease;\n    }\n\n    .fp-input::placeholder,\n    .fp-textarea::placeholder {\n      color: #9ca3af;\n    }\n\n    .fp-input:focus,\n    .fp-textarea:focus {\n      outline: none;\n      border-color: #22c55e;\n      background: #ffffff;\n      box-shadow: 0 0 0 1px rgba(34, 197, 94, 0.25);\n    }\n\n    .fp-textarea {\n      min-height: 96px;\n      resize: vertical;\n    }\n\n    /* Buttons */\n    .fp-buttons {\n      display: flex;\n      flex-direction: column;\n      align-items: center;\n      gap: 18px;\n      margin-top: 22px;\n    }\n\n    .fp-btn-base {\n      display: inline-flex;\n      align-items: center;\n      justify-content: center;\n      gap: 8px;\n\n      width: 240px;\n      padding: 13px 20px;\n      border-radius: 999px;\n      font-size: 15px;\n      font-weight: 600;\n      cursor: pointer;\n      text-decoration: none;\n      line-height: 1;\n      white-space: nowrap;\n      text-align: center;\n      transition:\n        background-color .18s ease,\n        color .18s ease,\n        box-shadow .18s ease,\n        border-color .18s ease,\n        transform .08s ease;\n    }\n\n    .fp-btn-primary {\n      border: none;\n      background: #22c55e;\n      color: #ffffff;\n      box-shadow: 0 10px 25px rgba(34, 197, 94, 0.35);\n    }\n\n    .fp-btn-primary:hover {\n      background: #16a34a;\n      transform: translateY(-1px);\n      box-shadow: 0 14px 30px rgba(22, 163, 74, 0.4);\n    }\n\n    .fp-btn-primary:active {\n      transform: translateY(0);\n      box-shadow: 0 6px 16px rgba(22, 163, 74, 0.3);\n    }\n\n    .fp-btn-secondary {\n      border: 1px solid #e5e7eb;\n      background: #ffffff;\n      color: #111827;\n    }\n\n    .fp-btn-secondary:hover {\n      background: #f9fafb;\n      border-color: #d1d5db;\n      transform: translateY(-1px);\n      box-shadow: 0 10px 24px rgba(15, 23, 42, 0.06);\n    }\n\n    .fp-btn-secondary:active {\n      transform: translateY(0);\n      box-shadow: 0 4px 12px rgba(15, 23, 42, 0.04);\n    }\n\n    .fp-btn-icon {\n      font-size: 15px;\n    }\n\n    /* Email extra note */\n    .fp-email-block {\n      display: flex;\n      flex-direction: column;\n      align-items: center;\n      max-width: 280px;\n      text-align: center;\n      margin-top: -4px;\n    }\n\n    .fp-email-note {\n      font-size: 12px;\n      color: #6b7280;\n      margin-top: 6px;\n      line-height: 1.5;\n    }\n\n    @media (max-width: 600px) {\n      .fp-shell {\n        padding: 20px 12px 32px;\n      }\n\n      .fp-hero-title {\n        font-size: 26px;\n      }\n\n      .fp-card {\n        border-radius: 20px;\n        padding: 20px 16px 24px;\n      }\n\n      .fp-btn-base {\n        width: 100%;\n      }\n\n      .fp-email-block {\n        max-width: none;\n        width: 100%;\n      }\n    }\n  </style>\n</head>\n\n<body>\n  <div class=\"fp-shell\">\n    <div class=\"fp-wrapper\">\n\n      <!-- Warm minimal hero above your listing -->\n      <header>\n        <h1 class=\"fp-hero-title\">Custom fireplaces, made for your space</h1>\n        <p class=\"fp-hero-subtitle\">\n          Tell us a bit about your project and how we can reach you. We’ll follow up with\n          ideas, sizing suggestions, and next steps for your fireplace.\n        </p>\n      </header>\n\n      <!-- Main inquiry card / form -->\n      <section class=\"fp-card\">\n        <h2 class=\"fp-card-title\">Send your fireplace idea</h2>\n        <p class=\"fp-card-subtitle\">\n          A short note is enough to start — you can always share more details later.\n        </p>\n\n        <form action=\"https://api.web3forms.com/submit\" method=\"POST\">\n          <!-- Web3Forms config -->\n          <input type=\"hidden\" name=\"access_key\" value=\"ffb0f439-879b-4aa1-b9fb-27d05d0ab9ec\">\n          <input type=\"hidden\" name=\"subject\" value=\"New fireplace inquiry\">\n\n          <div class=\"fp-form-group\">\n            <label for=\"fp-email\" class=\"fp-label\">Email</label>\n            <input\n              id=\"fp-email\"\n              type=\"email\"\n              name=\"email\"\n              class=\"fp-input\"\n              placeholder=\"We’ll reply here\"\n              required\n            >\n          </div>\n\n          <div class=\"fp-form-group\">\n            <label for=\"fp-phone\" class=\"fp-label\">Phone (optional)</label>\n            <input\n              id=\"fp-phone\"\n              type=\"tel\"\n              name=\"phone\"\n              class=\"fp-input\"\n              placeholder=\"\"\n            >\n          </div>\n\n          <div class=\"fp-form-group\">\n            <label for=\"fp-message\" class=\"fp-label\">Message (optional)</label>\n            <textarea\n              id=\"fp-message\"\n              name=\"message\"\n              class=\"fp-textarea\"\n              placeholder=\"Share anything you'd like us to know about your fireplace idea...\"\n            ></textarea>\n          </div>\n\n          <div class=\"fp-buttons\">\n            <!-- primary CTA -->\n            <button type=\"submit\" class=\"fp-btn-base fp-btn-primary\">\n              Request fireplace ideas\n            </button>\n\n            <!-- secondary email option with “add” icon -->\n            <div class=\"fp-email-block\">\n              <a\n                class=\"fp-btn-base fp-btn-secondary\"\n                href=\"mailto:oleh.blokitin@gmail.com?subject=Fireplace%20project\"\n              >\n                <span class=\"fp-btn-icon\">➕</span>\n                <span>Email us directly</span>\n              </a>\n              <div class=\"fp-email-note\">\n                Perfect if you want to add photos, sketches, or a longer story about your fireplace.\n              </div>\n            </div>\n          </div>\n        </form>\n      </section>\n\n      <!-- BELOW THIS you can place your fireplace listing / gallery -->\n      <!-- <section>...your list of fireplaces...</section> -->\n\n    </div>\n  </div>\n</body>\n</html>","refreshOnResize":false}},"name":"HTML","wwObjectBaseId":"6d692ca2-6cdc-4805-aa0c-211102f335d0","libraryComponentBaseId":null,"parentSectionId":"ce04d5f1-38c2-46aa-8d98-0f0dfdadd6bb"},"4f8db69c-3b92-4019-9f4d-1313cddd2bc6":{"uid":"4f8db69c-3b92-4019-9f4d-1313cddd2bc6","_state":{"style":{}},"content":{"default":{"source":"<!DOCTYPE html>\n<html lang=\"en\">\n<head>\n  <meta charset=\"UTF-8\" />\n  <meta name=\"viewport\" content=\"width=device-width, initial-scale=1.0\" />\n\n  <link href=\"https://fonts.googleapis.com/css2?family=Inter:wght@400;500;600;700&display=swap\" rel=\"stylesheet\" />\n\n  <title>How your fireplace comes to life</title>\n\n  <style>\n    * { box-sizing: border-box; }\n\n    body {\n      margin: 0;\n      padding: 0;\n      font-family: \"Inter\", system-ui, -apple-system, BlinkMacSystemFont, sans-serif;\n      background: #ffffff;\n      color: #111827;\n    }\n\n    .fp-process {\n      max-width: 520px;\n      margin: 0 auto;\n      padding: 32px 20px 40px;\n    }\n\n    .fp-process-title {\n      font-size: 32px;\n      line-height: 1.05;\n      letter-spacing: -0.04em;\n      font-weight: 700;\n      color: #0f172a;\n      margin: 0 0 12px;\n    }\n\n    .fp-process-subtitle {\n      font-size: 14px;\n      color: #6b7280;\n      margin: 0 0 22px;\n      max-width: 420px;\n    }\n\n    .fp-steps {\n      padding-left: 0;\n      margin: 0;\n    }\n\n    .fp-step {\n      position: relative;\n      padding: 16px 0 20px 0; /* убрал левый отступ под точку */\n    }\n\n    .fp-step + .fp-step {\n      border-top: 1px solid #e5e7eb;\n    }\n\n    /* УДАЛЁНО — зелёная точка\n    .fp-step::before { ... }\n    */\n\n    .fp-step-header {\n      display: flex;\n      align-items: baseline;\n      gap: 8px;\n      margin-bottom: 4px;\n    }\n\n    .fp-step-pill {\n      display: inline-flex;\n      align-items: center;\n      justify-content: center;\n      padding: 3px 9px;\n      border-radius: 999px;\n      background: #dcfce7;\n      color: #166534;\n      font-size: 11px;\n      font-weight: 600;\n      letter-spacing: 0.06em;\n      text-transform: uppercase;\n      flex-shrink: 0;\n    }\n\n    .fp-step-title {\n      font-size: 15px;\n      font-weight: 600;\n      margin: 0;\n      color: #111827;\n    }\n\n    .fp-step-text {\n      margin: 4px 0 0;\n      font-size: 14px;\n      line-height: 1.6;\n      color: #4b5563;\n    }\n\n    @media (max-width: 600px) {\n      .fp-process {\n        padding: 24px 16px 32px;\n      }\n\n      .fp-process-title {\n        font-size: 26px;\n      }\n    }\n  </style>\n</head>\n\n<body>\n  <section class=\"fp-process\">\n    <h1 class=\"fp-process-title\">How your fireplace comes to life?</h1>\n    <p class=\"fp-process-subtitle\">\n      From first measurements to finished limestone pieces — here’s what the process looks like.\n    </p>\n\n    <div class=\"fp-steps\">\n      <div class=\"fp-step\">\n        <div class=\"fp-step-header\">\n          <span class=\"fp-step-pill\">Step 1</span>\n          <h3 class=\"fp-step-title\">Send measurements</h3>\n        </div>\n        <p class=\"fp-step-text\">\n          Share the size of your fireplace or firebox along with any ideas or inspiration from Pinterest.\n        </p>\n      </div>\n\n      <div class=\"fp-step\">\n        <div class=\"fp-step-header\">\n          <span class=\"fp-step-pill\">Step 2</span>\n          <h3 class=\"fp-step-title\">Draft design</h3>\n        </div>\n        <p class=\"fp-step-text\">\n          We create a simple design based on your dimensions and help choose the right limestone color.\n        </p>\n      </div>\n\n      <div class=\"fp-step\">\n        <div class=\"fp-step-header\">\n          <span class=\"fp-step-pill\">Step 3</span>\n          <h3 class=\"fp-step-title\">Design approval and deposit</h3>\n        </div>\n        <p class=\"fp-step-text\">\n          You review the design, sign the approval form and place a 50 percent deposit.\n        </p>\n      </div>\n\n      <div class=\"fp-step\">\n        <div class=\"fp-step-header\">\n          <span class=\"fp-step-pill\">Step 4</span>\n          <h3 class=\"fp-step-title\">Full-size foam mockup</h3>\n        </div>\n        <p class=\"fp-step-text\">\n          After the deposit, we cut a one-to-one foam model and place it on your wall so you can see the exact shape\n          and make any final adjustments.\n        </p>\n      </div>\n\n      <div class=\"fp-step\">\n        <div class=\"fp-step-header\">\n          <span class=\"fp-step-pill\">Step 5</span>\n          <h3 class=\"fp-step-title\">Production and pickup</h3>\n        </div>\n        <p class=\"fp-step-text\">\n          Once the foam mockup is approved, we cut and cast your limestone pieces. Pickup is available in Batavia\n          or we can arrange delivery. Installation is not included, but we can connect you with trusted installers.\n        </p>\n      </div>\n    </div>\n  </section>\n</body>\n</html>","refreshOnResize":false}},"name":"HTML","wwObjectBaseId":"6d692ca2-6cdc-4805-aa0c-211102f335d0","libraryComponentBaseId":null,"parentSectionId":"fcbca83c-10ec-447e-8f54-22f2852063cb"},"a88c49e2-f28e-4263-b1e0-9e3eba9c5fa8":{"uid":"a88c49e2-f28e-4263-b1e0-9e3eba9c5fa8","_state":{"style":{"mobile":{"align":"flex-start","width":"100%","textAlign":"start"}}},"content":{"default":{"source":"<!DOCTYPE html>\n<html lang=\"en\">\n<head>\n  <meta charset=\"UTF-8\" />\n  <meta name=\"viewport\" content=\"width=device-width, initial-scale=1.0\" />\n\n  <link href=\"https://fonts.googleapis.com/css2?family=Inter:wght@400;500;600;700&display=swap\" rel=\"stylesheet\" />\n\n  <title>Why choose our limestone fireplaces?</title>\n\n  <style>\n    * { box-sizing: border-box; }\n\n    body {\n      margin: 0;\n      padding: 0;\n      font-family: \"Inter\", system-ui, -apple-system, BlinkMacSystemFont, sans-serif;\n      background: #f3f4f6;\n      color: #111827;\n    }\n\n    .fp-benefits {\n      max-width: 520px;\n      margin: 0 auto;\n      padding: 32px 20px 40px;\n    }\n\n    .fp-benefits-title {\n      font-size: 32px;\n      line-height: 1.05;\n      letter-spacing: -0.04em;\n      font-weight: 700;\n      color: #0f172a;\n      margin: 0 0 18px;\n    }\n\n    .fp-benefits-subtitle {\n      font-size: 14px;\n      color: #6b7280;\n      margin: 0 0 22px;\n      max-width: 420px;\n    }\n\n    .fp-benefit-list {\n      margin: 0;\n      padding: 0;\n    }\n\n    .fp-benefit {\n      display: flex;\n      gap: 12px;\n      padding: 16px 0 18px;\n    }\n\n    .fp-benefit + .fp-benefit {\n      border-top: 1px solid #e5e7eb;\n    }\n\n    /* Круг с иконкой слева */\n    .fp-benefit-icon-wrap {\n      flex-shrink: 0;\n      width: 30px;\n      height: 30px;\n      border-radius: 999px;\n      background: #eef2ff;\n      display: flex;\n      align-items: center;\n      justify-content: center;\n      font-size: 16px;\n    }\n\n    .fp-benefit-body {\n      flex: 1;\n    }\n\n    .fp-benefit-title {\n      font-size: 15px;\n      font-weight: 600;\n      margin: 0 0 4px;\n      color: #111827;\n    }\n\n    .fp-benefit-text {\n      margin: 0;\n      font-size: 14px;\n      line-height: 1.6;\n      color: #4b5563;\n    }\n\n    @media (max-width: 600px) {\n      .fp-benefits {\n        padding: 24px 16px 32px;\n      }\n\n      .fp-benefits-title {\n        font-size: 26px;\n      }\n    }\n  </style>\n</head>\n\n<body>\n  <section class=\"fp-benefits\">\n    <h2 class=\"fp-benefits-title\">Why choose our limestone fireplaces?</h2>\n    <p class=\"fp-benefits-subtitle\">\n      A few reasons our clients pick limestone fireplaces for their homes.\n    </p>\n\n    <div class=\"fp-benefit-list\">\n\n      <article class=\"fp-benefit\">\n        <div class=\"fp-benefit-icon-wrap\">🔥</div>\n        <div class=\"fp-benefit-body\">\n          <h3 class=\"fp-benefit-title\">A showpiece everyone notices</h3>\n          <p class=\"fp-benefit-text\">\n            Your family will love it, and guests might even get a little jealous.\n            It becomes the warm heart of your home.\n          </p>\n        </div>\n      </article>\n\n      <article class=\"fp-benefit\">\n        <div class=\"fp-benefit-icon-wrap\">🪶</div>\n        <div class=\"fp-benefit-body\">\n          <h3 class=\"fp-benefit-title\">Lightweight</h3>\n          <p class=\"fp-benefit-text\">\n            The foam-core base keeps it light, while the limestone coating\n            gives it the strength of real stone. Ideal for any wall or upper floor.\n          </p>\n        </div>\n      </article>\n\n      <article class=\"fp-benefit\">\n        <div class=\"fp-benefit-icon-wrap\">⏳</div>\n        <div class=\"fp-benefit-body\">\n          <h3 class=\"fp-benefit-title\">Made to last</h3>\n          <p class=\"fp-benefit-text\">\n            Our limestone mix is polished and finished by hand for a timeless surface\n            that keeps its beauty for decades.\n          </p>\n        </div>\n      </article>\n\n      <article class=\"fp-benefit\">\n        <div class=\"fp-benefit-icon-wrap\">🧱</div>\n        <div class=\"fp-benefit-body\">\n          <h3 class=\"fp-benefit-title\">Architect-grade materials</h3>\n          <p class=\"fp-benefit-text\">\n            We use high-end limestone blends chosen by designers and builders\n            for durability, texture, and long-term stability.\n          </p>\n        </div>\n      </article>\n        \n\n    </div>\n  </section>\n</body>\n</html>","refreshOnResize":false}},"name":"HTML","wwObjectBaseId":"6d692ca2-6cdc-4805-aa0c-211102f335d0","libraryComponentBaseId":null,"parentSectionId":"ccb2a52d-d749-4f88-a324-f102d3113f22"},"637e9131-f233-47d9-8b67-93025840d398":{"uid":"637e9131-f233-47d9-8b67-93025840d398","_state":{"style":{}},"content":{"default":{"source":"<section class=\"fp-faq\">\n  <div class=\"fp-faq-inner\">\n    <h2 class=\"fp-faq-title\">Frequently asked questions</h2>\n    <p class=\"fp-faq-subtitle\">\n      A few common questions clients ask before they choose a limestone fireplace from us.\n    </p>\n\n    <div class=\"fp-faq-list\">\n\n      <details class=\"fp-faq-item\" open>\n        <summary class=\"fp-faq-question\">\n          <span>How is your fireplace different from a solid stone one?</span>\n          <span class=\"fp-faq-icon\">+</span>\n        </summary>\n        <div class=\"fp-faq-answer\">\n          Our surrounds use a structural EPS core with a cast limestone shell.  \n          You get the look and feel of real stone, but at a fraction of the weight.  \n          That means easier installation, lower transport costs, and less stress on your walls and floors.\n        </div>\n      </details>\n\n      <details class=\"fp-faq-item\">\n        <summary class=\"fp-faq-question\">\n          <span>Is it strong enough if it’s not solid stone?</span>\n          <span class=\"fp-faq-icon\">+</span>\n        </summary>\n        <div class=\"fp-faq-answer\">\n          Yes. The outer layer is real cast limestone, and the EPS core is dense and rigid, not hollow.  \n          The material is non-combustible and engineered to meet building standards.  \n          You get a durable surround that feels solid, without the downsides of a one-ton stone structure.\n        </div>\n      </details>\n\n      <details class=\"fp-faq-item\">\n        <summary class=\"fp-faq-question\">\n          <span>How heavy is it and how hard is installation?</span>\n          <span class=\"fp-faq-icon\">+</span>\n        </summary>\n        <div class=\"fp-faq-answer\">\n          A typical solid stone fireplace can weigh close to 2,000 lbs and may require structural work.  \n          Our surrounds are usually in the 400–450 lbs range, so they can be installed with a small crew in about a day.  \n          In most homes there’s no need for cranes, special reinforcement, or a messy, weeks-long remodel.\n        </div>\n      </details>\n\n      <details class=\"fp-faq-item\">\n        <summary class=\"fp-faq-question\">\n          <span>Can you customize the size and design?</span>\n          <span class=\"fp-faq-icon\">+</span>\n        </summary>\n        <div class=\"fp-faq-answer\">\n          Yes. Every fireplace is made to order on our own production line in Illinois.  \n          We can adjust width, height, projection, profiles, and limestone tint to match your room and firebox.  \n          Designers and architects often send us drawings or inspiration photos, and we build from there.\n        </div>\n      </details>\n\n      <details class=\"fp-faq-item\">\n        <summary class=\"fp-faq-question\">\n          <span>Where are your fireplaces made?</span>\n          <span class=\"fp-faq-icon\">+</span>\n        </summary>\n        <div class=\"fp-faq-answer\">\n          Everything is manufactured in our factory in Batavia, just outside Chicago.  \n          The team has been making cast-limestone fireplaces for more than 30 years.  \n          Each surround is hand-finished and checked before it leaves the shop.\n        </div>\n      </details>\n\n      <details class=\"fp-faq-item\">\n        <summary class=\"fp-faq-question\">\n          <span>How long does production take?</span>\n          <span class=\"fp-faq-icon\">+</span>\n        </summary>\n        <div class=\"fp-faq-answer\">\n          Production usually takes up to two weeks once the design is approved.  \n          Around busy seasons the schedule fills up quickly, so it’s best to reserve a spot early.\n        </div>\n      </details>\n\n      <details class=\"fp-faq-item\">\n        <summary class=\"fp-faq-question\">\n          <span>Do you also handle installation?</span>\n          <span class=\"fp-faq-icon\">+</span>\n        </summary>\n        <div class=\"fp-faq-answer\">\n          We are a manufacturer, so we do not install fireplaces ourselves.  \n          But over the years we’ve built a network of trusted installers and contractors we can connect you with.  \n          They quote installation directly, and we coordinate with them on measurements so everything goes smoothly.\n        </div>\n      </details>\n\n      <details class=\"fp-faq-item\">\n        <summary class=\"fp-faq-question\">\n          <span>What does a typical project cost?</span>\n          <span class=\"fp-faq-icon\">+</span>\n        </summary>\n        <div class=\"fp-faq-answer\">\n          Most limestone surrounds we make start around $2,200.  \n          Standard designs often land in the $2,200–$2,500 range, while larger or more detailed pieces can be higher.  \n          For residential clients, there is an additional 8% tax.  \n          Installation is always quoted separately by the installer, but we can recommend crews we work with regularly.\n        </div>\n      </details>\n\n      <details class=\"fp-faq-item\">\n        <summary class=\"fp-faq-question\">\n          <span>Is this just about the look, or does it change how the home feels?</span>\n          <span class=\"fp-faq-icon\">+</span>\n        </summary>\n        <div class=\"fp-faq-answer\">\n          Our clients aren’t just buying a surround — they’re buying the atmosphere around it.  \n          A limestone fireplace becomes the place where family gathers on cold evenings,  \n          where you unwind with a book or a glass of wine, and the detail guests notice first.  \n          It’s comfort, warmth, and a quiet sense of pride in how your home looks and feels.\n        </div>\n      </details>\n\n    </div>\n  </div>\n</section>\n\n<style>\n  .fp-faq {\n    margin: 40px 0 32px;\n  }\n\n  .fp-faq-inner {\n    max-width: 720px;\n    margin: 0 auto;\n    padding: 0 16px;\n  }\n\n  .fp-faq-title {\n    font-size: 26px;\n    letter-spacing: -0.04em;\n    font-weight: 700;\n    color: #0f172a;\n    margin: 0 0 6px;\n    font-family: \"Inter\", system-ui, -apple-system, BlinkMacSystemFont, sans-serif;\n  }\n\n  .fp-faq-subtitle {\n    font-size: 14px;\n    color: #6b7280;\n    margin: 0 0 18px;\n    max-width: 480px;\n    font-family: \"Inter\", system-ui, -apple-system, BlinkMacSystemFont, sans-serif;\n  }\n\n  .fp-faq-list {\n    background: #ffffff;\n    border-radius: 20px;\n    box-shadow:\n      0 18px 45px rgba(15,23,42,0.10),\n      0 0 0 1px rgba(15,23,42,0.04);\n    padding: 10px 14px 6px;\n  }\n\n  .fp-faq-item {\n    border-bottom: 1px solid #e5e7eb;\n    padding: 8px 0;\n  }\n\n  .fp-faq-item:last-of-type {\n    border-bottom: none;\n  }\n\n  .fp-faq-question {\n    list-style: none;\n    cursor: pointer;\n    display: flex;\n    align-items: center;\n    justify-content: space-between;\n    gap: 12px;\n    padding: 8px 4px;\n    font-family: \"Inter\", system-ui, -apple-system, BlinkMacSystemFont, sans-serif;\n  }\n\n  .fp-faq-question span:first-child {\n    font-size: 15px;\n    font-weight: 500;\n    color: #111827;\n  }\n\n  .fp-faq-icon {\n    font-size: 18px;\n    color: #9ca3af;\n    transition: transform .18s ease;\n  }\n\n  .fp-faq-answer {\n    font-family: \"Inter\", system-ui, -apple-system, BlinkMacSystemFont, sans-serif;\n    font-size: 14px;\n    line-height: 1.6;\n    color: #4b5563;\n    padding: 0 4px 10px;\n  }\n\n  .fp-faq-item summary {\n    list-style: none;\n  }\n  .fp-faq-item summary::-webkit-details-marker {\n    display: none;\n  }\n\n  .fp-faq-item[open] .fp-faq-icon {\n    transform: rotate(45deg);\n  }\n\n  @media (max-width: 600px) {\n    .fp-faq-inner {\n      padding: 0 12px;\n    }\n\n    .fp-faq-title {\n      font-size: 22px;\n    }\n\n    .fp-faq-list {\n      border-radius: 18px;\n      padding: 8px 10px 4px;\n    }\n  }\n</style>","refreshOnResize":false}},"name":"HTML","wwObjectBaseId":"6d692ca2-6cdc-4805-aa0c-211102f335d0","libraryComponentBaseId":null,"parentSectionId":"c18549ad-15ee-49b3-94a2-6b4499814174"},"0c072958-d400-4c81-978e-46d400d6b8a5":{"uid":"0c072958-d400-4c81-978e-46d400d6b8a5","_state":{"style":{"mobile":{},"default":{"margin":"0"}},"states":[],"interactions":[]},"content":{"mobile":{},"default":{"tag":"p","text":{"en":{"code":"return variables['7794bc06-997a-4553-818a-51eaa21fdd6d']?.address || 'Jalan Pelita IV No. 92, RT 08 RW 06, Kelurahan Sei Timur, Kecamatan Medan Timur, Medan, Sumatera Utara, Indonesia, 79831.'","__wwtype":"js"}},"_ww-text_text":{"en":"<div>After the deposit, we cut a one-to-one foam model and place it on your wall so you can see the exact shape and make any final adjustments.\n</div>"},"_ww-text_color":"#6B7280","_ww-text_fontSize":"14px","_ww-text_lineHeight":"1.5"}},"name":"Address Text","wwObjectBaseId":"d7904e9d-fc9a-4d80-9e32-728e097879ad","libraryComponentBaseId":null,"parentSectionId":"fcbca83c-10ec-447e-8f54-22f2852063cb"},"41ebaa26-2c00-4084-9edc-ef5db6f573d7":{"uid":"41ebaa26-2c00-4084-9edc-ef5db6f573d7","_state":{"style":{"mobile":{},"default":{}},"states":[],"interactions":[]},"content":{"mobile":{},"default":{"tag":"span","text":{"en":{"code":"return variables['7794bc06-997a-4553-818a-51eaa21fdd6d']?.name || 'Will Parsons'","__wwtype":"js"}},"_ww-text_text":{"en":"<div>Step 5. Production and pickup\n</div>"},"_ww-text_color":"#1F2937","_ww-text_fontSize":"16px","_ww-text_fontWeight":"500"}},"name":"User Name","wwObjectBaseId":"d7904e9d-fc9a-4d80-9e32-728e097879ad","libraryComponentBaseId":null,"parentSectionId":"fcbca83c-10ec-447e-8f54-22f2852063cb"},"5ddf7eb0-dd96-4889-bbb0-d6883deec778":{"uid":"5ddf7eb0-dd96-4889-bbb0-d6883deec778","_state":{"style":{"mobile":{"width":"270px","height":"405px","margin":"0  0 19px","zIndex":null,"customCss":{"flex":"0 0 270px","height":"405px","overflow":"hidden","background":"#fff","box-shadow":"0 30px 45px -15px rgba(0,0,0,0.25)","border-radius":"18px"},"aspectRatio":"unset","borderRadius":"30px"},"default":{"width":"auto"}}},"content":{"default":{"alt":{"en":""},"url":"images/skandinavian.png?_wwcv=64","loading":"lazy","objectFit":null}},"name":"Image","wwObjectBaseId":"3a7d6379-12d3-4387-98ff-b332bb492a63","libraryComponentBaseId":null,"parentSectionId":"b159482d-0383-44bf-91e3-9f39cf15ba16"},"dfab05a8-a722-40fd-8a1d-c77d23cd624f":{"uid":"dfab05a8-a722-40fd-8a1d-c77d23cd624f","_state":{"style":{"mobile":{"display":"block","customCss":{"width":"100%","display":"block","  display":"none","overflow-x":"scroll","overflow-y":"visible",".scroll-wrapper":":-webkit-scrollbar {","scroll-behavior":"smooth","scrollbar-width":"none","-ms-overflow-style":"none","-webkit-overflow-scrolling":"touch"}},"default":{}}},"content":{"default":{"children":[{"uid":"4993ebd2-c021-42df-8160-d0122ae103e2","isWwObject":true}],"_ww-layout_alignItems":"flex-start","_ww-layout_flexDirection":"column"}},"name":"ScrollWrapper","wwObjectBaseId":"b783dc65-d528-4f74-8c14-e27c934c39b1","libraryComponentBaseId":null,"parentSectionId":"b159482d-0383-44bf-91e3-9f39cf15ba16"},"e2f9944c-e748-4965-9d32-cd00eb989b2c":{"uid":"e2f9944c-e748-4965-9d32-cd00eb989b2c","_state":{"style":{"mobile":{"width":"270px","height":"450px","margin":"0 0 0 17px","zIndex":null,"customCss":{"flex":"0 0 270px","height":"405px","overflow":"hidden","background":"#fff","box-shadow":"0 30px 45px -15px rgba(0,0,0,0.25)","border-radius":"18px"},"aspectRatio":"unset","borderRadius":"100px"},"default":{"width":"auto"}}},"content":{"default":{"alt":{"en":""},"url":"images/traditional.png?_wwcv=64","loading":"lazy","objectFit":null}},"name":"Image","wwObjectBaseId":"3a7d6379-12d3-4387-98ff-b332bb492a63","libraryComponentBaseId":null,"parentSectionId":"b159482d-0383-44bf-91e3-9f39cf15ba16"},"075dd57d-29f0-4b14-b6f4-9aa81e3c16b6":{"uid":"075dd57d-29f0-4b14-b6f4-9aa81e3c16b6","_state":{"style":{"default":{"display":"flex"},"_wwHover_default":{"display":"flex"}},"states":[],"interactions":[]},"content":{"default":{"children":[{"uid":"1205c7c4-e194-4fc0-a5fe-0d88b503a1dc","isWwObject":true},{"uid":"79741580-24f4-47f8-b682-79a24df3952c","isWwObject":true}],"_ww-layout_alignItems":"center","_ww-layout_flexDirection":"row"},"_wwHover_default":{}},"name":"Tasks Metric","wwObjectBaseId":"b783dc65-d528-4f74-8c14-e27c934c39b1","libraryComponentBaseId":null,"parentSectionId":"c18549ad-15ee-49b3-94a2-6b4499814174"},"1205c7c4-e194-4fc0-a5fe-0d88b503a1dc":{"uid":"1205c7c4-e194-4fc0-a5fe-0d88b503a1dc","_state":{"style":{"default":{"width":"18px","height":"18px","margin":"0 8px 0 0"},"_wwHover_default":{}},"states":[],"interactions":[]},"content":{"default":{"icon":"lucide/timer-reset","color":"#64748B"},"_wwHover_default":{}},"name":"Tasks Icon","wwObjectBaseId":"1b1e2173-9b78-42cc-a8ee-a6167caea340","libraryComponentBaseId":null,"parentSectionId":"c18549ad-15ee-49b3-94a2-6b4499814174"},"e7112709-57ff-40ae-bd8d-b26a7ce64995":{"uid":"e7112709-57ff-40ae-bd8d-b26a7ce64995","_state":{"style":{"mobile":{"margin":"0 0  0"},"default":{"margin":"0 0 24px 0","display":"flex"},"_wwHover_default":{"display":"flex"}},"states":[],"interactions":[]},"content":{"default":{"children":[{"uid":"4669cd67-5c81-4509-9c5b-477dae0ad945","isWwObject":true},{"uid":"254abf66-f2c4-4645-9ab3-a712b012a483","isWwObject":true},{"uid":"c78dd87f-0f57-4a83-9d32-70dfd1e8fc8b","isWwObject":true}],"_ww-layout_flexDirection":"column"},"_wwHover_default":{}},"name":"Card Content","wwObjectBaseId":"b783dc65-d528-4f74-8c14-e27c934c39b1","libraryComponentBaseId":null,"parentSectionId":"c18549ad-15ee-49b3-94a2-6b4499814174"},"1d6784a4-98c3-41da-b713-178ee29c89fc":{"uid":"1d6784a4-98c3-41da-b713-178ee29c89fc","_state":{"style":{"default":{"width":"16px","height":"16px","margin":"0 6px 0 0"},"_wwHover_default":{}},"states":[],"interactions":[]},"content":{"default":{"icon":{"code":"context.item.data?.status=== 'completed' ? 'lucide/info' : context.item.data?.status=== 'in-progress' ? 'lucide/info' : 'lucide/circle'","__wwtype":"f"},"color":{"code":"context.item.data?.status === 'completed' ? '#16A34A' : context.item.data?.status === 'in-progress' ? '#CA8A04' : '#64748B'","__wwtype":"f"}},"_wwHover_default":{}},"name":"Status Icon","wwObjectBaseId":"1b1e2173-9b78-42cc-a8ee-a6167caea340","libraryComponentBaseId":null,"parentSectionId":"c18549ad-15ee-49b3-94a2-6b4499814174"},"254abf66-f2c4-4645-9ab3-a712b012a483":{"uid":"254abf66-f2c4-4645-9ab3-a712b012a483","_state":{"style":{"default":{"margin":"0"},"_wwHover_default":{}},"states":[],"interactions":[]},"content":{"default":{"tag":"p","text":{"en":{"code":"context.item.data?.Description","__wwtype":"f"}},"_ww-text_text":{"en":{"code":"\"Tell us about your dream look — every detail matters.\"","__wwtype":"f"}},"_ww-text_color":"#64748B","_ww-text_fontSize":"16px","_ww-text_lineHeight":"1.6"},"_wwHover_default":{}},"name":"Card Description","wwObjectBaseId":"d7904e9d-fc9a-4d80-9e32-728e097879ad","libraryComponentBaseId":null,"parentSectionId":"c18549ad-15ee-49b3-94a2-6b4499814174"},"2fea0fc0-2bd5-4be1-8b34-90f159b8c0fa":{"uid":"2fea0fc0-2bd5-4be1-8b34-90f159b8c0fa","_state":{"style":{"default":{"display":"flex","padding":"6px 12px","borderRadius":"20px","backgroundColor":{"code":"context.item.data?.status === 'completed' ? '#DCFCE7' : context.item.data?.status === 'in-progress' ? '#FEF9C3' : '#F1F5F9'","__wwtype":"f"}},"_wwHover_default":{"display":"flex"}},"states":[],"interactions":[]},"content":{"default":{"children":[{"uid":"1d6784a4-98c3-41da-b713-178ee29c89fc","isWwObject":true},{"uid":"6a50e020-6d41-406c-b4ca-06bb2a049fb9","isWwObject":true}],"_ww-layout_alignItems":"center","_ww-layout_justifyContent":"center"},"_wwHover_default":{}},"name":"Status Badge","wwObjectBaseId":"b783dc65-d528-4f74-8c14-e27c934c39b1","libraryComponentBaseId":null,"parentSectionId":"c18549ad-15ee-49b3-94a2-6b4499814174"},"4669cd67-5c81-4509-9c5b-477dae0ad945":{"uid":"4669cd67-5c81-4509-9c5b-477dae0ad945","_state":{"style":{"default":{"margin":"0 0 12px 0"},"_wwHover_default":{}},"states":[],"interactions":[]},"content":{"default":{"tag":"h3","text":{"en":{"code":"context.item.data?.Title","__wwtype":"f"}},"_ww-text_text":{"en":"<div>fgh</div>"},"_ww-text_color":"#1E293B","_ww-text_fontSize":"24px","_ww-text_fontWeight":"700","_ww-text_lineHeight":"1.3"},"_wwHover_default":{}},"name":"Card Title","wwObjectBaseId":"d7904e9d-fc9a-4d80-9e32-728e097879ad","libraryComponentBaseId":null,"parentSectionId":"c18549ad-15ee-49b3-94a2-6b4499814174"},"6a50e020-6d41-406c-b4ca-06bb2a049fb9":{"uid":"6a50e020-6d41-406c-b4ca-06bb2a049fb9","_state":{"style":{"default":{"margin":"0"},"_wwHover_default":{}},"states":[],"interactions":[]},"content":{"mobile":{"_ww-text_textTransform":"uppercase"},"default":{"tag":"span","text":{"en":{"code":"context.item.data?.status === 'completed' ? 'Completed' : context.item.data?.status === 'in-progress' ? 'In Progress' : 'Planned'","__wwtype":"f"}},"_ww-text_text":{"en":{"code":"\"Share a few room photos or ideas\"","__wwtype":"f","defaultValue":null}},"_ww-text_color":{"code":"context.item.data?.status === 'completed' ? '#16A34A' : context.item.data?.status === 'in-progress' ? '#CA8A04' : '#64748B'","__wwtype":"f"},"_ww-text_fontSize":"12px","_ww-text_fontWeight":"600","_ww-text_textTransform":"uppercase"},"_wwHover_default":{}},"name":"Status Text","wwObjectBaseId":"d7904e9d-fc9a-4d80-9e32-728e097879ad","libraryComponentBaseId":null,"parentSectionId":"c18549ad-15ee-49b3-94a2-6b4499814174"},"79741580-24f4-47f8-b682-79a24df3952c":{"uid":"79741580-24f4-47f8-b682-79a24df3952c","_state":{"style":{"default":{"margin":"0"},"_wwHover_default":{}},"states":[],"interactions":[]},"content":{"default":{"tag":"p","text":{"en":{"code":"context.item.data?.metrics?.tasks + ' tasks'","__wwtype":"f"}},"_ww-text_text":{"en":{"code":"'1-2 days'","__wwtype":"f"}},"_ww-text_color":"#64748B","_ww-text_fontSize":"14px","_ww-text_fontWeight":"500"},"_wwHover_default":{}},"name":"Tasks Count","wwObjectBaseId":"d7904e9d-fc9a-4d80-9e32-728e097879ad","libraryComponentBaseId":null,"parentSectionId":"c18549ad-15ee-49b3-94a2-6b4499814174"},"9f2bbd8b-2906-4d62-98ec-b37f934c7d26":{"uid":"9f2bbd8b-2906-4d62-98ec-b37f934c7d26","_state":{"style":{"default":{"width":"100%","margin":"auto 0 0 0","display":"flex","padding":"20px 0 0 0","borderTop":"1px solid #F1F5F9"},"_wwHover_default":{"display":"flex"}},"states":[],"interactions":[]},"content":{"default":{"children":[{"uid":"075dd57d-29f0-4b14-b6f4-9aa81e3c16b6","isWwObject":true}],"_ww-layout_columnGap":"24px","_ww-layout_flexDirection":"row"},"_wwHover_default":{}},"name":"Card Footer","wwObjectBaseId":"b783dc65-d528-4f74-8c14-e27c934c39b1","libraryComponentBaseId":null,"parentSectionId":"c18549ad-15ee-49b3-94a2-6b4499814174"},"c12ede43-c963-4873-a5d2-5e09d08ef312":{"uid":"c12ede43-c963-4873-a5d2-5e09d08ef312","_state":{"style":{"mobile":{"display":"flex","animationDuration":"1000ms","animationKeyframes":"@keyframes keyframe-edition-animation { 0% {} 100% {}}","animationPlayState":"running","conditionalRendering":false},"default":{"width":"350px","border":"1px solid #F1F5F9","display":"flex","padding":"28px","boxShadow":"0 4px 6px -1px rgba(0, 0, 0, 0.1), 0 2px 4px -1px rgba(0, 0, 0, 0.06)","transition":"all 0.3s ease","borderRadius":"16px","backgroundColor":"#FFFFFF"},"_wwHover_default":{"display":"flex","boxShadow":"0 20px 25px -5px rgba(0, 0, 0, 0.1), 0 10px 10px -5px rgba(0, 0, 0, 0.04)","customCss":{"border-color":"#E2E8F0"},"transform":"translateY(-4px)"}},"states":[{"id":"_wwHover","label":"hover"}],"interactions":[],"dynamicConfiguration":{"content":{"children":[{"key":"label","type":"Text"},{"key":"value","type":"Text"}]}}},"content":{"default":{"children":[{"uid":"e7112709-57ff-40ae-bd8d-b26a7ce64995","isWwObject":true},{"uid":"9f2bbd8b-2906-4d62-98ec-b37f934c7d26","isWwObject":true}],"_ww-layout_flexDirection":"column"},"_wwHover_default":{}},"name":"Timeline Card","wwObjectBaseId":"b783dc65-d528-4f74-8c14-e27c934c39b1","libraryComponentBaseId":null,"parentSectionId":"c18549ad-15ee-49b3-94a2-6b4499814174"},"c78dd87f-0f57-4a83-9d32-70dfd1e8fc8b":{"uid":"c78dd87f-0f57-4a83-9d32-70dfd1e8fc8b","_state":{"style":{"mobile":{"margin":"12px 0  0"},"default":{"margin":"0 0 20px 0","display":"flex"},"_wwHover_default":{"display":"flex"}},"states":[],"interactions":[]},"content":{"default":{"children":[{"uid":"2fea0fc0-2bd5-4be1-8b34-90f159b8c0fa","isWwObject":true}],"_ww-layout_alignItems":"center","_ww-layout_flexDirection":"row","_ww-layout_justifyContent":"space-between"},"_wwHover_default":{}},"name":"Card Header","wwObjectBaseId":"b783dc65-d528-4f74-8c14-e27c934c39b1","libraryComponentBaseId":null,"parentSectionId":"c18549ad-15ee-49b3-94a2-6b4499814174"},"66890f0e-704e-40d6-9087-f6d6c74d06e8":{"uid":"66890f0e-704e-40d6-9087-f6d6c74d06e8","_state":{"style":{}},"content":{"default":{"source":"<section class=\"fp-footer\">\n  <div class=\"fp-footer-inner\">\n\n    <h2 class=\"fp-footer-quote\">\n      A fireplace isn’t just décor — it becomes the heart of the home.\n    </h2>\n\n    <a href=\"#fireplace-form\" class=\"fp-footer-btn\">Contact us</a>\n\n    <p class=\"fp-footer-location\">\n      Crafted locally in Batavia, IL since 1993\n    </p>\n\n  </div>\n</section>\n\n<style>\n  .fp-footer {\n    margin-top: -30px;          /* меньше расстояние от FAQ до футера */\n    padding: 0 15px 100px;   /* меньше сверху, чуть сверху/снизу */\n    background: transparent;\n  }\n\n  .fp-footer-inner {\n    max-width: 720px;\n    margin: 0 auto;\n    text-align: center;\n    font-family: \"Inter\", system-ui, -apple-system, BlinkMacSystemFont, sans-serif;\n  }\n\n  .fp-footer-quote {\n    font-size: 32px;\n    font-weight: 700;\n    letter-spacing: -0.03em;\n    line-height: 1.25;\n    color: #0f172a;          /* расстояние до кнопки */\n  }\n\n  .fp-footer-btn {\n    display: inline-block;\n    padding: 16px 36px;\n    background: #22c55e;\n    color: #ffffff;\n    text-decoration: none;\n    border-radius: 999px;\n    font-size: 16px;\n    font-weight: 600;\n    box-shadow: 0 10px 28px rgba(34,197,94,0.35);\n    transition: background .18s ease, transform .1s ease;\n    margin: 0;                 /* без отступа вниз, всё задаём тексту */\n  }\n\n  .fp-footer-btn:hover {\n    background: #16a34a;\n    transform: translateY(-2px);\n  }\n\n  .fp-footer-location {\n    font-size: 14px;\n    color: #9ca3af;\n    letter-spacing: 0.04em;\n    margin: 50px 0 0;          /* большой отступ ОТ кнопки вниз */\n  }\n\n  @media (max-width: 600px) {\n    .fp-footer-quote {\n      font-size: 26px;\n      margin-bottom: 50px;\n    }\n  }\n</style>","refreshOnResize":false}},"name":"HTML","wwObjectBaseId":"6d692ca2-6cdc-4805-aa0c-211102f335d0","libraryComponentBaseId":null,"parentSectionId":"0f32c36b-634d-4b56-8c16-d6a60b6f41b6"},"048356a5-719c-48ed-b54e-ace72ffeaaec":{"uid":"048356a5-719c-48ed-b54e-ace72ffeaaec","_state":{"style":{"mobile":{"align":"center","width":"95%"}}},"content":{"default":{"source":"<div class=\"ww-holiday-offer\">\n  <div class=\"ww-holiday-card\">\n\n    <div class=\"ww-snow\">\n      <span class=\"ww-snowflake\">❄</span>\n      <span class=\"ww-snowflake\">✴</span>\n      <span class=\"ww-snowflake\">❅</span>\n      <span class=\"ww-snowflake\">❄</span>\n      <span class=\"ww-snowflake\">✴</span>\n      <span class=\"ww-snowflake\">❅</span>\n    </div>\n\n    <div class=\"ww-hc-content\">\n      <div class=\"ww-pill\">🌲 HOLIDAY OFFER</div>\n\n      <h2 class=\"ww-title\">Holiday spots fill up quickly</h2>\n\n      <p class=\"ww-text\">\n        Fireplace demand rises fast before Christmas.  \n        If you want yours ready for the season, it’s best to reserve a spot early.\n      </p>\n\n      <div class=\"ww-cta-wrap\">\n        <a href=\"#fireplace-form\" class=\"ww-btn-final\">Reserve a holiday spot</a>\n        <div class=\"ww-btn-glow-final\"></div>\n      </div>\n    </div>\n  </div>\n</div>\n\n\n<style>\n.ww-holiday-offer {\n  width: 100%;\n  max-width: 620px;\n  margin: 0 auto;\n  padding: 0;\n}\n\n/* CARD */\n.ww-holiday-card {\n  position: relative;\n  overflow: hidden;\n  border-radius: 28px;\n  padding: 34px 26px 44px;\n  background: linear-gradient(180deg, #ffffff, #f3f6ff);\n  border: 1px solid rgba(0,0,0,0.06);\n  box-shadow:\n    0 20px 55px rgba(0,0,0,0.12),\n    0 0 0 1px rgba(0,0,0,0.03);\n}\n\n/* SNOW — TOP ONLY */\n.ww-snow {\n  position: absolute;\n  inset: 0;\n  height: 48%;\n  overflow: hidden;\n  pointer-events: none;\n  z-index: 1;\n}\n.ww-snowflake {\n  position: absolute;\n  top: -30%;\n  color: #fff;\n  font-size: 26px;\n  text-shadow: 0 0 10px rgba(0,0,0,0.25);\n  opacity: .95;\n  animation-timing-function: linear, ease-in-out;\n  animation-iteration-count: infinite;\n  animation-name: wwSnowFall, wwSnowDrift;\n}\n\n.ww-snowflake:nth-child(1) { left: 10%; font-size: 28px; animation-duration: 14s, 6s; }\n.ww-snowflake:nth-child(2) { left: 35%; font-size: 24px; animation-duration: 17s, 6s; }\n.ww-snowflake:nth-child(3) { left: 55%; font-size: 30px; animation-duration: 19s, 7s; }\n.ww-snowflake:nth-child(4) { left: 72%; font-size: 18px; animation-duration: 11s, 5s; }\n.ww-snowflake:nth-child(5) { left: 87%; font-size: 16px; animation-duration: 12s, 5s; }\n.ww-snowflake:nth-child(6) { left: 45%; font-size: 22px; animation-duration: 15s, 7s; }\n\n@keyframes wwSnowFall {\n  0% { transform: translateY(-20%); }\n  100% { transform: translateY(160%); }\n}\n@keyframes wwSnowDrift {\n  0%,100% { transform: translateX(0); }\n  50% { transform: translateX(-14px); }\n}\n\n/* CONTENT */\n.ww-hc-content {\n  position: relative;\n  z-index: 3;\n  text-align: center;\n}\n\n.ww-pill {\n  display: inline-flex;\n  padding: 8px 20px;\n  border-radius: 999px;\n  background: #e5e7eb;\n  font-size: 12px;\n  font-weight: 600;\n  color: #374151;\n  letter-spacing: 0.12em;\n  margin-bottom: 20px;\n}\n\n.ww-title {\n  margin: 0 0 10px;\n  font-size: 26px;\n  font-weight: 700;\n  color: #111827;\n}\n\n.ww-text {\n  margin: 0 0 28px;\n  font-size: 16px;\n  line-height: 1.6;\n  color: #4b5563;\n}\n\n/* CTA */\n.ww-cta-wrap {\n  position: relative;\n  display: inline-flex;\n  align-items: center;\n}\n\n.ww-btn-final {\n  display: inline-flex;\n  padding: 16px 34px;\n  background: #22c55e;\n  color: #fff;\n  border-radius: 50px;\n  font-size: 17px;\n  font-weight: 700;\n  text-decoration: none;\n  z-index: 2;\n  box-shadow: 0 12px 34px rgba(34,197,94,0.45);\n  transition: .18s ease;\n}\n.ww-btn-final:hover {\n  transform: translateY(-2px);\n  filter: brightness(1.05);\n  box-shadow: 0 16px 42px rgba(22,163,74,0.5);\n}\n\n/* GLOW */\n.ww-btn-glow-final {\n  position: absolute;\n  left: 50%;\n  top: 52%;\n  transform: translate(-50%, -50%) scale(0.9);\n  width: 200%;\n  height: 220%;\n  background: radial-gradient(circle, rgba(34,197,94,0.32), transparent 60%);\n  filter: blur(18px);\n  opacity: .38;\n  pointer-events: none;\n}\n</style>","refreshOnResize":false}},"name":"HTML","wwObjectBaseId":"6d692ca2-6cdc-4805-aa0c-211102f335d0","libraryComponentBaseId":null,"parentSectionId":"122c9737-b0c4-4997-b77f-be6fa5f1e407"},"33377558-f8d7-4241-9908-eefac48ee976":{"uid":"33377558-f8d7-4241-9908-eefac48ee976","_state":{"style":{}},"content":{"default":{"source":"<div class=\"ww-quote-btn-wrap\">\n  <a href=\"#fireplace-form\" class=\"ww-quote-btn\">\n    <span>Get a quote</span>\n  </a>\n  <div class=\"ww-quote-glow\"></div>\n</div>\n\n<style>\n.ww-quote-btn-wrap {\n  position: relative;\n  display: inline-flex;\n  align-items: center;\n  justify-content: center;\n}\n\n/* BUTTON */\n.ww-quote-btn {\n  display: inline-flex;\n  align-items: center;\n  justify-content: center;\n\n  padding: 12px 30px;\n  border-radius: 999px;\n\n  background: linear-gradient(135deg, #22c55e, #16a34a);\n  color: #ffffff;\n  font-size: 17px;\n  font-weight: 600;\n  text-decoration: none;\n  letter-spacing: -0.01em;\n\n  box-shadow: 0 12px 26px rgba(34,197,94,0.32);\n  transition: all .2s ease;\n  z-index: 2;\n}\n\n.ww-quote-btn:hover {\n  transform: translateY(-2px);\n  box-shadow: 0 16px 36px rgba(22,163,74,0.42);\n  filter: brightness(1.05);\n}\n\n.ww-quote-btn:active {\n  transform: translateY(0);\n}\n\n/* GLOW */\n.ww-quote-glow {\n  position: absolute;\n  width: 220%;\n  height: 220%;\n  top: 50%;\n  left: 50%;\n  transform: translate(-50%, -50%) scale(.9);\n  pointer-events: none;\n\n  background: radial-gradient(circle, rgba(34,197,94,0.32), transparent 60%);\n  filter: blur(20px);\n  opacity: .42;\n\n  animation: wwGlowPulse 3.2s ease-in-out infinite;\n}\n\n@keyframes wwGlowPulse {\n  0% { transform: translate(-50%, -50%) scale(.88); opacity:.32; }\n  50% { transform: translate(-50%, -52%) scale(1.04); opacity:.48; }\n  100% { transform: translate(-50%, -50%) scale(.88); opacity:.32; }\n}\n</style>","refreshOnResize":false}},"name":"button","wwObjectBaseId":"6d692ca2-6cdc-4805-aa0c-211102f335d0","libraryComponentBaseId":null,"parentSectionId":"c77dcf69-3025-4bd2-b1e9-a09a5bb8b5c6"},"93785f4d-2f95-43c2-9b0a-e75fc427eefe":{"uid":"93785f4d-2f95-43c2-9b0a-e75fc427eefe","_state":{"style":{"default":{"width":"8px","bottom":"24px","cursor":"pointer","height":"8px","margin":"0 6px","opacity":"0.6","position":"relative","transition":"all 0.3s ease","borderRadius":"100px"},"jk5TuZ_default":{"opacity":"1","transform":"scale(1.2)","backgroundColor":"#3B82F680"}},"states":[{"id":"jk5TuZ","label":"active"}],"interactions":[]},"content":{"default":{"icon":"lucide/circle-dot","color":"#CBD5E1"},"jk5TuZ_default":{"color":"#3B82F6"}},"name":"Bullet Nav Icons","wwObjectBaseId":"1b1e2173-9b78-42cc-a8ee-a6167caea340","libraryComponentBaseId":null,"parentSectionId":"4e7d4efa-fc2c-4855-9fe9-a67b4bcbc75b"},"abbe3665-5ae9-494e-b911-9238065fa602":{"uid":"abbe3665-5ae9-494e-b911-9238065fa602","_state":{"style":{"mobile":{"align":"center","width":"95%","height":"auto","margin":" 0  0","outline":"0px solid #00000000 ","padding":" 0","textAlign":null,"aspectRatio":"unset","backgroundColor":"#00000000"},"default":{"width":"100%","height":"600px","display":"flex","position":"relative","customCss":{"align-items":"center","justify-content":"center"},"backgroundColor":"#000000"}},"states":[],"interactions":[]},"content":{"mobile":{"spaceBetween":"10px"},"default":{"loop":true,"effect":"slide","automatic":true,"mousewheel":false,"navigation":false,"pagination":false,"slideLabels":[],"bulletsIcons":{"uid":"93785f4d-2f95-43c2-9b0a-e75fc427eefe","isWwObject":true},"spaceBetween":"0px","slidesPerView":1,"automaticTiming":"4s","navigationIcons":[{"uid":"9f08004f-363e-46d1-aa9f-18c0ece81313","isWwObject":true},{"uid":"94467705-1de6-4dfb-b47a-56e6c93c4612","isWwObject":true}],"slidesContainer":[],"linearTransition":true,"mousewheelInvert":false,"mainLayoutContent":[{"uid":"d3826b4e-1a41-4477-a426-1e49f0cf8d5a","isWwObject":true},{"uid":"190b72e0-f37b-4c22-9609-620d405948be","isWwObject":true}],"transitionDuration":"400ms","mousewheelForceToAxis":false,"mousewheelSensitivity":1}},"name":"Image slider","wwObjectBaseId":"9ccf84b0-e542-4423-869f-b4828301ec49","libraryComponentBaseId":null,"parentSectionId":"4e7d4efa-fc2c-4855-9fe9-a67b4bcbc75b"},"f2aa56ab-9c29-4b83-a4c3-918da0bc899b":{"uid":"f2aa56ab-9c29-4b83-a4c3-918da0bc899b","_state":{"style":{"mobile":{"margin":"25px 0 -30px 0"}}},"content":{"default":{"source":"<section class=\"fp-benefits\">\n  <h2 class=\"fp-benefits-title\">Fireplace Types</h2>\n  <p class=\"fp-benefits-subtitle\">\n    There are many more categories than shown here.  \n    For inspiration, search “Limestone Fireplace” on Pinterest.\n  </p>\n</section>","refreshOnResize":false}},"name":"HTML","wwObjectBaseId":"6d692ca2-6cdc-4805-aa0c-211102f335d0","libraryComponentBaseId":null,"parentSectionId":"b159482d-0383-44bf-91e3-9f39cf15ba16"},"d0a35843-b5ad-419d-883b-d85a99470740":{"uid":"d0a35843-b5ad-419d-883b-d85a99470740","_state":{"style":{"mobile":{"padding":"25px 2px 2px 2px"}}},"content":{"default":{"source":"<div class=\"video-fullscreen-wrap\">\n  <iframe src=\"https://app.heygen.com/embedded-player/f91bdfb26e4d4d1595732f8a6320d75a\"\n    allow=\"encrypted-media; fullscreen;\" frameborder=\"0\" allowfullscreen>\n  </iframe>\n</div>\n\n<style>\n  .video-fullscreen-wrap {\n    width: 100%;\n    height: 80vh; /* Полный экран */\n    overflow: hidden;\n    position: relative;\n    background: #F7F7F7; /* ТВОЙ ЦВЕТ */\n  }\n\n  .video-fullscreen-wrap iframe {\n    position: absolute;\n    top: 0;\n    left: 0;\n    width: 100%;\n    height: 100%;\n    border: none;\n    object-fit: cover; /* Заполняет весь экран */\n    background: #F7F7F7; /* Чтобы не было белых вспышек */\n  }\n</style>","refreshOnResize":false}},"name":"HTML","wwObjectBaseId":"6d692ca2-6cdc-4805-aa0c-211102f335d0","libraryComponentBaseId":null,"parentSectionId":"c77dcf69-3025-4bd2-b1e9-a09a5bb8b5c6"},"4993ebd2-c021-42df-8160-d0122ae103e2":{"uid":"4993ebd2-c021-42df-8160-d0122ae103e2","_state":{"style":{"mobile":{"height":"460px","margin":"0 17px 0 17px","customCss":{"gap":"20px","width":"max-content","display":"flex","overflow":"visible","position":"relative"},"aspectRatio":"unset"},"default":{}}},"content":{"mobile":{"_ww-layout_flexDirection":"row"},"default":{"children":[{"uid":"0c19b1ca-bfc3-4e4c-949a-22859ce8c24a","isWwObject":true},{"uid":"5ddf7eb0-dd96-4889-bbb0-d6883deec778","isWwObject":true},{"uid":"e2f9944c-e748-4965-9d32-cd00eb989b2c","isWwObject":true},{"uid":"9b3dc092-e2a6-44cd-b94c-1c2a9d44c016","isWwObject":true},{"uid":"083951cf-aae4-4ccb-a6b1-64e2f580bba1","isWwObject":true}],"_ww-layout_alignItems":"flex-start","_ww-layout_flexDirection":"column"}},"name":"CardRow","wwObjectBaseId":"b783dc65-d528-4f74-8c14-e27c934c39b1","libraryComponentBaseId":null,"parentSectionId":"b159482d-0383-44bf-91e3-9f39cf15ba16"},"9b3dc092-e2a6-44cd-b94c-1c2a9d44c016":{"uid":"9b3dc092-e2a6-44cd-b94c-1c2a9d44c016","_state":{"style":{"mobile":{"width":"270px","height":"405px","margin":"0  0 19px","zIndex":null,"customCss":{"flex":"0 0 270px","height":"405px","overflow":"hidden","background":"#fff","box-shadow":"0 30px 45px -15px rgba(0,0,0,0.25)","border-radius":"18px"},"aspectRatio":"unset","borderRadius":"30px"},"default":{"width":"auto"}}},"content":{"default":{"alt":{"en":""},"url":"images/transitional.png?_wwcv=64","loading":"lazy","objectFit":null}},"name":"Image","wwObjectBaseId":"3a7d6379-12d3-4387-98ff-b332bb492a63","libraryComponentBaseId":null,"parentSectionId":"b159482d-0383-44bf-91e3-9f39cf15ba16"},"083951cf-aae4-4ccb-a6b1-64e2f580bba1":{"uid":"083951cf-aae4-4ccb-a6b1-64e2f580bba1","_state":{"style":{"mobile":{"width":"270px","height":"405px","margin":"0  0 19px","zIndex":null,"customCss":{"flex":"0 0 270px","height":"405px","overflow":"hidden","background":"#fff","box-shadow":"0 30px 45px -15px rgba(0,0,0,0.25)","border-radius":"18px"},"aspectRatio":"unset","borderRadius":"30px"},"default":{"width":"auto"}}},"content":{"default":{"alt":{"en":""},"url":"images/tuscan.png?_wwcv=64","loading":"lazy","objectFit":null}},"name":"Image","wwObjectBaseId":"3a7d6379-12d3-4387-98ff-b332bb492a63","libraryComponentBaseId":null,"parentSectionId":"b159482d-0383-44bf-91e3-9f39cf15ba16"},"0c19b1ca-bfc3-4e4c-949a-22859ce8c24a":{"uid":"0c19b1ca-bfc3-4e4c-949a-22859ce8c24a","_state":{"style":{"mobile":{"width":"270px","height":"405px","margin":"0  0 19px","zIndex":null,"customCss":{"flex":"0 0 270px","height":"405px","overflow":"hidden","background":"#fff","box-shadow":"0 30px 45px -15px rgba(0,0,0,0.25)","border-radius":"18px"},"aspectRatio":"unset","borderRadius":"30px"},"default":{"width":"auto"}}},"content":{"default":{"alt":{"en":""},"url":"images/modern.png?_wwcv=64","loading":"lazy","objectFit":null}},"name":"Image","wwObjectBaseId":"3a7d6379-12d3-4387-98ff-b332bb492a63","libraryComponentBaseId":null,"parentSectionId":"b159482d-0383-44bf-91e3-9f39cf15ba16"},"40547a37-ed62-45fb-ae2c-73ab0f52cc4b":{"uid":"40547a37-ed62-45fb-ae2c-73ab0f52cc4b","_state":{"style":{"mobile":{},"default":{}},"states":[],"interactions":[]},"content":{"mobile":{},"default":{"tag":"span","text":{"en":{"code":"return variables['7794bc06-997a-4553-818a-51eaa21fdd6d']?.name || 'Will Parsons'","__wwtype":"js"}},"_ww-text_text":{"en":"<div>Step 3. Design approval and deposit\n</div>"},"_ww-text_color":"#1F2937","_ww-text_fontSize":"16px","_ww-text_fontWeight":"500"}},"name":"User Name","wwObjectBaseId":"d7904e9d-fc9a-4d80-9e32-728e097879ad","libraryComponentBaseId":null,"parentSectionId":"fcbca83c-10ec-447e-8f54-22f2852063cb"},"e58ef9eb-dc16-4020-a02d-19a0bb913afe":{"uid":"e58ef9eb-dc16-4020-a02d-19a0bb913afe","_state":{"style":{"mobile":{},"default":{"margin":"0"}},"states":[],"interactions":[]},"content":{"mobile":{},"default":{"tag":"p","text":{"en":{"code":"return variables['7794bc06-997a-4553-818a-51eaa21fdd6d']?.address || 'Jalan Pelita IV No. 92, RT 08 RW 06, Kelurahan Sei Timur, Kecamatan Medan Timur, Medan, Sumatera Utara, Indonesia, 79831.'","__wwtype":"js"}},"_ww-text_text":{"en":"<div>Once the foam mockup is approved, we cut and cast your limestone pieces. Pickup is available in Batavia or we can arrange delivery. Installation is not included, but we can connect you with trusted installers.\n</div>"},"_ww-text_color":"#6B7280","_ww-text_fontSize":"14px","_ww-text_lineHeight":"1.5"}},"name":"Address Text","wwObjectBaseId":"d7904e9d-fc9a-4d80-9e32-728e097879ad","libraryComponentBaseId":null,"parentSectionId":"fcbca83c-10ec-447e-8f54-22f2852063cb"},"5b012c7a-1ee4-4684-b177-7eec5707de85":{"uid":"5b012c7a-1ee4-4684-b177-7eec5707de85","_state":{"style":{"mobile":{"align":"flex-start","width":"100%","height":"auto","margin":" 0","display":"none","maxWidth":"100%","boxShadow":null,"aspectRatio":"unset","backgroundColor":"#FFFFFF00"},"default":{"width":"100%","display":"flex","padding":"24px","maxWidth":"600px","boxShadow":"0 2px 8px rgba(0,0,0,0.1)","borderRadius":"16px","backgroundColor":"#FFFFFF"}},"states":[],"interactions":[]},"content":{"mobile":{"_ww-layout_alignItems":"flex-start"},"default":{"children":[{"uid":"c2bb54b9-22b4-40c4-8381-666a8dbdc1c3","isWwObject":true},{"uid":"dbfff555-4acd-4d0a-8618-6a15990c7b9c","isWwObject":true},{"uid":"b1cc8e10-5db1-42c2-b99e-9a8ef671e04d","isWwObject":true},{"uid":"2af586a4-99fe-4bc4-a4d1-5fbda0c82e0f","isWwObject":true},{"uid":"45a86fd6-0e42-4425-85e6-d879efc9ac46","isWwObject":true},{"uid":"1f60a912-0fd7-4c5a-bf64-1d54dcf01dae","isWwObject":true},{"uid":"40547a37-ed62-45fb-ae2c-73ab0f52cc4b","isWwObject":true},{"uid":"40d52da7-df56-46b5-b8e1-489d177b8a6a","isWwObject":true},{"uid":"63c31948-88a4-44e0-b935-3e0003c57234","isWwObject":true},{"uid":"0c072958-d400-4c81-978e-46d400d6b8a5","isWwObject":true},{"uid":"41ebaa26-2c00-4084-9edc-ef5db6f573d7","isWwObject":true},{"uid":"e58ef9eb-dc16-4020-a02d-19a0bb913afe","isWwObject":true}],"_ww-layout_rowGap":"var(--609dbf47-d0d8-4242-986f-e5240faca226, 16px)","_ww-layout_columnGap":"var(--609dbf47-d0d8-4242-986f-e5240faca226, 16px)","_ww-layout_flexDirection":"column"}},"name":"Address Card","wwObjectBaseId":"b783dc65-d528-4f74-8c14-e27c934c39b1","libraryComponentBaseId":null,"parentSectionId":"fcbca83c-10ec-447e-8f54-22f2852063cb"}},"collections":[],"variables":[{"id":"7794bc06-997a-4553-818a-51eaa21fdd6d","type":"object","name":"addressData","defaultValue":{"name":"Will Parsons","phone":"+6282285704","address":"Jalan Pelita IV No. 92, RT 08 RW 06, Kelurahan Sei Timur, Kecamatan Medan Timur, Medan, Sumatera Utara, Indonesia, 79831."},"isLocalStorage":false,"isPersistentOnNav":true}],"workflows":[],"formulas":[],"libraryComponents":[]}